Track_ID, Class_name, X, Y
2,bicycle,98,361
2,bicycle,98,362
4,truck,463,191
4,truck,438,190
4,truck,415,189
4,truck,397,189
5,bicycle,100,362
5,bicycle,99,362
5,bicycle,99,361
8,bicycle,99,363
8,bicycle,99,363
4,truck,150,177
4,truck,129,175
4,truck,116,174
4,truck,97,175
4,truck,78,174
4,truck,59,172
4,truck,41,171
4,truck,23,169
4,truck,12,166
4,truck,6,164
10,bicycle,586,199
11,bicycle,103,357
10,bicycle,561,198
11,bicycle,102,355
10,bicycle,546,199
11,bicycle,102,354
10,bicycle,520,200
11,bicycle,101,356
10,bicycle,497,199
11,bicycle,102,357
2,bicycle,102,359
10,bicycle,470,198
11,bicycle,102,357
2,bicycle,102,359
10,bicycle,445,198
10,bicycle,421,196
11,bicycle,101,358
2,bicycle,94,358
10,bicycle,400,195
11,bicycle,101,358
2,bicycle,94,358
10,bicycle,378,195
2,bicycle,92,358
2,bicycle,92,358
2,bicycle,91,358
2,bicycle,91,358
20,truck,116,170
20,truck,94,170
20,truck,71,171
20,truck,55,171
24,bicycle,150,351
24,bicycle,151,351
24,bicycle,152,351
24,bicycle,153,351
24,bicycle,154,351
26,bicycle,150,358
26,bicycle,160,359
26,bicycle,164,359
26,bicycle,170,361
26,bicycle,171,362
26,bicycle,176,363
11,bicycle,156,357
2,bicycle,159,358
11,bicycle,158,357
2,bicycle,161,361
2,bicycle,155,361
2,bicycle,153,362
32,bicycle,179,351
32,bicycle,184,351
34,truck,257,161
34,truck,239,166
34,truck,222,169
34,truck,201,170
34,truck,179,171
34,truck,161,171
34,truck,149,171
37,bicycle,293,361
34,truck,136,170
37,bicycle,296,361
34,truck,123,169
37,bicycle,304,361
34,truck,113,167
37,bicycle,307,361
34,truck,99,167
40,truck,128,153
40,truck,137,152
40,truck,152,149
40,truck,166,149
40,truck,184,147
40,truck,199,148
40,truck,204,148
40,truck,216,148
43,truck,184,150
43,truck,181,149
44,bicycle,517,350
44,bicycle,516,350
50,truck,445,151
50,truck,426,151
50,truck,408,150
50,truck,391,149
50,truck,377,148
50,truck,364,148
50,truck,349,148
53,truck,241,137
50,truck,335,149
53,truck,241,139
50,truck,319,152
53,truck,241,139
50,truck,302,155
50,truck,283,157
44,bicycle,462,351
50,truck,269,157
44,bicycle,461,351
50,truck,261,156
44,bicycle,458,351
50,truck,251,155
50,truck,237,156
53,truck,243,154
57,truck,218,145
53,truck,238,153
57,truck,218,144
53,truck,229,153
53,truck,228,155
59,truck,198,149
59,truck,188,148
59,truck,180,148
59,truck,171,146
59,truck,164,145
57,truck,205,140
59,truck,154,147
57,truck,206,139
59,truck,146,146
43,truck,171,143
57,truck,207,140
59,truck,139,148
43,truck,173,147
57,truck,206,140
59,truck,132,149
43,truck,173,147
59,truck,128,149
43,truck,173,148
57,truck,207,144
59,truck,123,149
43,truck,173,149
57,truck,206,144
59,truck,117,151
59,truck,110,151
66,bicycle,367,356
66,bicycle,369,355
66,bicycle,372,355
66,bicycle,374,355
66,bicycle,374,355
66,bicycle,374,355
66,bicycle,374,356
66,bicycle,375,356
66,bicycle,374,356
43,truck,128,163
66,bicycle,373,356
43,truck,127,164
66,bicycle,373,356
43,truck,126,164
66,bicycle,371,357
66,bicycle,372,358
66,bicycle,373,358
66,bicycle,374,359
53,truck,129,164
66,bicycle,374,359
53,truck,126,164
66,bicycle,374,358
53,truck,128,164
66,bicycle,374,358
53,truck,127,164
66,bicycle,375,357
53,truck,127,163
66,bicycle,375,356
53,truck,125,161
66,bicycle,374,355
44,bicycle,369,353
53,truck,124,161
66,bicycle,374,355
44,bicycle,367,353
44,bicycle,363,353
44,bicycle,361,352
53,truck,120,160
44,bicycle,359,352
53,truck,119,161
53,truck,119,162
53,truck,117,162
44,bicycle,362,352
44,bicycle,361,352
53,truck,121,161
53,truck,121,158
53,truck,119,155
53,truck,119,155
71,bicycle,131,183
71,bicycle,138,183
74,bicycle,319,189
74,bicycle,319,190
74,bicycle,319,184
74,bicycle,320,189
74,bicycle,322,218
74,bicycle,353,218
74,bicycle,358,222
75,truck,314,178
75,truck,316,175
75,truck,318,176
75,truck,319,176
75,truck,319,178
75,truck,320,179
75,truck,318,177
75,truck,319,178
75,truck,319,180
75,truck,320,183
75,truck,320,183
71,bicycle,112,277
75,truck,319,183
71,bicycle,111,280
75,truck,319,184
78,truck,252,251
78,truck,270,241
78,truck,274,236
78,truck,281,240
78,truck,289,232
78,truck,291,226
78,truck,289,214
78,truck,290,200
78,truck,286,185
78,truck,289,167
78,truck,297,146
78,truck,306,132
78,truck,316,131
78,truck,323,133
78,truck,336,128
78,truck,347,129
78,truck,355,124
81,truck,449,280
78,truck,354,129
81,truck,439,276
78,truck,347,131
81,truck,433,274
78,truck,342,143
81,truck,420,276
78,truck,337,147
81,truck,412,273
78,truck,339,143
81,truck,405,273
78,truck,349,138
81,truck,412,266
78,truck,360,124
81,truck,423,262
78,truck,370,121
81,truck,430,264
78,truck,373,126
81,truck,434,272
78,truck,381,132
81,truck,436,280
82,truck,24,180
78,truck,379,134
81,truck,426,285
82,truck,28,179
78,truck,383,134
81,truck,422,286
82,truck,32,174
78,truck,389,131
81,truck,429,281
82,truck,39,165
78,truck,390,127
81,truck,429,278
82,truck,44,147
78,truck,390,119
81,truck,416,276
82,truck,49,135
78,truck,393,119
81,truck,425,276
82,truck,55,139
78,truck,401,115
81,truck,424,275
82,truck,63,139
78,truck,406,125
81,truck,416,282
82,truck,70,137
78,truck,407,123
81,truck,415,285
82,truck,75,146
78,truck,414,128
81,truck,351,289
82,truck,81,160
78,truck,418,146
81,truck,342,290
82,truck,88,167
78,truck,419,139
82,truck,95,170
78,truck,418,144
82,truck,99,173
78,truck,419,152
82,truck,104,180
78,truck,427,157
82,truck,117,187
71,bicycle,487,59
78,truck,433,157
82,truck,131,176
71,bicycle,496,54
78,truck,432,160
82,truck,145,170
78,truck,436,157
82,truck,159,164
84,truck,395,53
78,truck,443,155
82,truck,175,160
84,truck,397,52
78,truck,452,151
82,truck,193,155
78,truck,452,154
82,truck,204,155
78,truck,457,162
82,truck,217,148
78,truck,459,165
82,truck,228,145
78,truck,456,167
82,truck,233,142
84,truck,413,45
78,truck,452,153
82,truck,243,140
84,truck,414,45
78,truck,449,146
84,truck,416,43
78,truck,445,159
78,truck,443,165
78,truck,445,167
78,truck,450,165
78,truck,448,158
82,truck,280,144
78,truck,457,149
82,truck,289,136
78,truck,459,148
82,truck,300,100
78,truck,466,113
82,truck,306,84
78,truck,469,109
82,truck,316,83
78,truck,479,144
82,truck,324,76
78,truck,482,143
94,truck,363,171
94,truck,378,148
94,truck,387,146
82,truck,401,91
82,truck,413,89
82,truck,427,125
82,truck,427,127
82,truck,427,115
78,truck,557,129
82,truck,425,104
84,truck,473,29
78,truck,569,147
82,truck,429,103
84,truck,476,28
78,truck,576,147
82,truck,435,106
94,truck,528,44
81,truck,407,275
82,truck,437,105
94,truck,542,34
78,truck,584,152
81,truck,410,274
82,truck,434,99
107,truck,494,35
108,truck,519,36
78,truck,590,153
82,truck,432,95
107,truck,490,31
108,truck,519,34
82,truck,437,92
107,truck,486,29
108,truck,513,28
82,truck,438,92
108,truck,511,26
82,truck,434,91
82,truck,431,92
82,truck,432,92
82,truck,436,87
84,truck,491,31
121,truck,464,30
82,truck,438,83
84,truck,491,31
121,truck,466,27
81,truck,407,276
82,truck,441,83
84,truck,492,30
121,truck,468,25
81,truck,408,276
82,truck,442,86
82,truck,442,92
82,truck,440,101
82,truck,437,101
82,truck,437,105
82,truck,438,107
82,truck,446,108
130,truck,320,183
82,truck,449,105
130,truck,320,182
82,truck,451,106
130,truck,320,181
130,truck,320,183
81,truck,412,272
130,truck,320,182
81,truck,410,272
130,truck,320,183
81,truck,411,272
130,truck,320,183
130,truck,320,183
82,truck,448,89
130,truck,320,183
82,truck,449,87
130,truck,320,183
134,truck,66,264
130,truck,320,183
134,truck,72,254
134,truck,82,242
82,truck,448,75
134,truck,87,233
82,truck,448,73
134,truck,95,226
134,truck,102,216
78,truck,456,50
134,truck,108,209
78,truck,438,56
108,truck,485,19
78,truck,434,51
108,truck,485,19
78,truck,430,55
130,truck,321,203
78,truck,428,61
130,truck,234,227
78,truck,426,68
130,truck,215,219
78,truck,420,65
130,truck,204,221
134,truck,195,203
78,truck,416,62
82,truck,479,37
134,truck,205,198
78,truck,413,62
82,truck,481,33
134,truck,219,188
134,truck,228,183
134,truck,220,190
134,truck,220,190
134,truck,226,187
134,truck,265,160
134,truck,266,152
134,truck,272,153
134,truck,279,160
134,truck,277,148
134,truck,274,137
78,truck,357,73
134,truck,273,129
78,truck,359,81
134,truck,277,136
78,truck,356,82
134,truck,282,146
134,truck,289,156
134,truck,308,155
134,truck,319,162
134,truck,323,170
142,truck,395,126
134,truck,322,181
142,truck,391,140
134,truck,328,191
142,truck,392,151
134,truck,333,191
142,truck,395,151
134,truck,339,175
142,truck,395,159
134,truck,341,160
134,truck,338,156
144,truck,395,120
134,truck,336,163
144,truck,388,131
134,truck,335,165
144,truck,386,138
134,truck,339,165
144,truck,390,137
108,truck,397,115
134,truck,344,152
144,truck,388,139
108,truck,397,107
134,truck,348,141
108,truck,393,108
130,truck,320,181
134,truck,345,137
108,truck,390,110
130,truck,324,179
134,truck,335,145
134,truck,330,152
144,truck,374,126
78,truck,330,130
108,truck,376,108
130,truck,322,181
134,truck,330,151
144,truck,371,125
78,truck,334,126
108,truck,378,100
130,truck,326,180
78,truck,338,132
108,truck,380,102
130,truck,322,181
78,truck,345,129
108,truck,384,100
130,truck,321,181
78,truck,350,130
108,truck,388,103
130,truck,321,181
78,truck,350,132
108,truck,388,103
130,truck,321,182
134,truck,364,149
130,truck,323,182
134,truck,365,149
134,truck,368,149
150,truck,392,126
108,truck,384,110
134,truck,358,137
150,truck,389,127
78,truck,351,116
108,truck,381,99
134,truck,359,136
78,truck,351,116
108,truck,383,92
130,truck,321,190
78,truck,365,110
108,truck,382,91
130,truck,320,200
78,truck,369,106
130,truck,320,200
78,truck,374,107
130,truck,320,199
151,truck,397,80
78,truck,375,107
130,truck,321,200
134,truck,373,131
151,truck,397,78
134,truck,375,125
134,truck,376,126
150,truck,393,101
130,truck,320,186
134,truck,378,124
144,truck,383,158
150,truck,393,98
130,truck,321,185
134,truck,384,141
144,truck,383,159
134,truck,383,143
134,truck,383,149
134,truck,385,151
134,truck,390,144
151,truck,405,106
134,truck,394,141
151,truck,406,109
130,truck,321,183
134,truck,391,135
130,truck,321,183
134,truck,390,134
160,truck,401,314
130,truck,321,183
134,truck,391,130
160,truck,341,311
130,truck,321,183
134,truck,390,129
160,truck,321,312
130,truck,321,183
134,truck,387,127
160,truck,302,311
130,truck,321,184
134,truck,384,115
130,truck,320,185
134,truck,382,111
130,truck,319,183
134,truck,378,106
130,truck,319,186
134,truck,374,100
130,truck,319,186
134,truck,373,97
144,truck,375,118
130,truck,319,187
144,truck,377,119
130,truck,320,184
144,truck,375,113
130,truck,320,186
144,truck,371,105
130,truck,320,186
144,truck,372,100
130,truck,320,184
144,truck,376,101
130,truck,320,180
144,truck,380,103
130,truck,320,180
144,truck,379,98
134,truck,372,76
144,truck,379,95
134,truck,372,73
144,truck,378,91
78,truck,384,110
130,truck,321,182
144,truck,378,89
78,truck,384,111
130,truck,320,183
144,truck,387,91
130,truck,320,187
144,truck,389,89
78,truck,390,108
130,truck,320,181
144,truck,390,87
78,truck,393,106
130,truck,320,182
78,truck,394,105
130,truck,320,182
144,truck,387,89
130,truck,320,182
144,truck,385,84
130,truck,320,182
144,truck,386,87
78,truck,396,110
130,truck,320,182
144,truck,387,85
78,truck,397,111
108,truck,396,128
130,truck,321,182
108,truck,398,140
130,truck,320,183
108,truck,405,150
130,truck,320,183
108,truck,412,150
130,truck,320,183
78,truck,412,134
108,truck,414,153
130,truck,320,183
78,truck,410,132
78,truck,405,139
78,truck,402,146
130,truck,319,184
78,truck,399,143
130,truck,319,184
78,truck,399,145
130,truck,320,184
144,truck,392,117
130,truck,320,184
144,truck,388,119
130,truck,321,183
144,truck,388,127
78,truck,394,145
130,truck,320,183
144,truck,388,130
78,truck,394,147
130,truck,320,183
78,truck,394,149
130,truck,320,183
144,truck,385,139
144,truck,384,142
134,truck,360,101
134,truck,360,102
144,truck,366,150
78,truck,371,144
130,truck,320,185
144,truck,363,153
78,truck,369,144
130,truck,320,186
150,truck,368,130
150,truck,367,132
150,truck,366,132
150,truck,364,133
150,truck,358,139
150,truck,356,139
134,truck,355,115
150,truck,355,140
134,truck,353,105
130,truck,319,174
134,truck,355,111
130,truck,319,174
134,truck,354,112
150,truck,365,131
78,truck,358,116
130,truck,320,179
150,truck,367,130
78,truck,357,114
130,truck,320,180
150,truck,369,130
130,truck,320,180
150,truck,372,125
130,truck,320,172
150,truck,378,117
130,truck,321,178
150,truck,383,116
130,truck,321,181
134,truck,371,112
150,truck,386,121
130,truck,321,181
134,truck,369,108
150,truck,384,123
130,truck,320,183
134,truck,367,104
150,truck,383,118
78,truck,362,97
130,truck,320,179
134,truck,367,103
150,truck,380,112
78,truck,363,97
130,truck,320,179
150,truck,381,111
78,truck,363,95
134,truck,369,107
150,truck,383,118
134,truck,366,107
150,truck,382,119
108,truck,359,112
130,truck,320,184
134,truck,366,107
150,truck,378,123
108,truck,357,114
130,truck,320,183
150,truck,375,128
108,truck,352,108
130,truck,320,182
150,truck,370,123
108,truck,350,107
130,truck,320,181
150,truck,368,123
108,truck,348,105
130,truck,320,179
150,truck,370,126
130,truck,321,178
134,truck,355,114
150,truck,371,127
130,truck,321,178
134,truck,355,114
150,truck,371,126
130,truck,321,178
134,truck,356,113
150,truck,373,127
169,bicycle,15,137
134,truck,358,112
150,truck,376,125
169,bicycle,20,135
134,truck,358,112
150,truck,380,116
169,bicycle,25,130
150,truck,383,116
169,bicycle,30,130
150,truck,386,117
169,bicycle,35,127
178,truck,369,106
150,truck,391,126
169,bicycle,41,131
178,truck,371,107
150,truck,397,131
169,bicycle,47,135
150,truck,396,133
169,bicycle,49,140
178,truck,378,122
134,truck,371,114
150,truck,393,129
169,bicycle,49,134
178,truck,380,125
182,truck,438,113
134,truck,372,113
150,truck,391,126
169,bicycle,50,129
182,truck,438,110
134,truck,370,120
150,truck,388,132
169,bicycle,50,135
182,truck,437,107
134,truck,368,120
150,truck,386,131
169,bicycle,51,136
134,truck,369,124
150,truck,387,135
169,bicycle,54,140
184,truck,436,120
134,truck,367,126
150,truck,386,139
169,bicycle,56,140
184,truck,436,125
134,truck,363,126
150,truck,383,139
169,bicycle,55,140
184,truck,435,125
186,truck,396,124
134,truck,363,127
144,truck,375,132
150,truck,383,140
169,bicycle,53,135
184,truck,435,127
186,truck,395,124
144,truck,374,128
169,bicycle,53,132
144,truck,372,129
169,bicycle,53,134
186,truck,386,119
189,truck,349,120
190,truck,427,119
144,truck,372,128
169,bicycle,55,135
186,truck,383,118
189,truck,348,119
190,truck,427,117
144,truck,374,131
169,bicycle,57,138
184,truck,433,123
189,truck,349,122
190,truck,427,118
134,truck,350,132
144,truck,374,130
150,truck,375,146
169,bicycle,59,146
184,truck,434,130
189,truck,348,123
134,truck,349,133
144,truck,369,131
150,truck,374,148
169,bicycle,57,141
184,truck,434,131
189,truck,344,123
190,truck,428,121
144,truck,368,127
169,bicycle,57,134
189,truck,342,116
190,truck,430,116
144,truck,368,126
150,truck,366,140
169,bicycle,58,137
186,truck,379,121
189,truck,340,121
190,truck,431,121
150,truck,361,143
169,bicycle,56,140
186,truck,377,120
189,truck,338,122
190,truck,431,122
134,truck,331,141
150,truck,359,150
169,bicycle,56,147
184,truck,424,142
134,truck,329,142
144,truck,352,136
150,truck,357,151
169,bicycle,52,139
184,truck,423,144
108,truck,320,125
144,truck,349,138
169,bicycle,52,137
108,truck,320,126
144,truck,354,136
169,bicycle,55,135
189,truck,328,122
144,truck,353,136
150,truck,360,148
169,bicycle,59,140
186,truck,374,132
189,truck,326,122
150,truck,363,154
169,bicycle,62,147
186,truck,373,133
150,truck,365,157
169,bicycle,65,149
195,truck,337,144
144,truck,365,141
150,truck,365,158
169,bicycle,65,138
195,truck,339,146
144,truck,370,146
169,bicycle,70,135
144,truck,378,152
169,bicycle,82,138
195,truck,350,140
144,truck,379,153
169,bicycle,91,137
195,truck,355,137
144,truck,390,149
169,bicycle,102,134
195,truck,362,135
144,truck,394,144
169,bicycle,110,126
190,truck,470,126
195,truck,367,128
144,truck,396,135
169,bicycle,113,117
190,truck,475,119
195,truck,372,126
144,truck,396,134
169,bicycle,116,117
190,truck,478,119
78,truck,365,119
144,truck,393,134
169,bicycle,116,118
190,truck,478,120
202,truck,409,123
78,truck,361,118
144,truck,389,131
169,bicycle,112,115
190,truck,480,120
202,truck,405,122
78,truck,359,118
144,truck,385,132
169,bicycle,109,115
202,truck,402,121
78,truck,360,120
144,truck,385,135
169,bicycle,111,116
202,truck,405,125
78,truck,363,127
144,truck,386,141
169,bicycle,117,122
202,truck,404,125
78,truck,363,128
144,truck,387,141
150,truck,387,156
169,bicycle,122,126
186,truck,368,135
150,truck,387,156
169,bicycle,125,128
184,truck,417,145
186,truck,368,136
205,truck,331,113
150,truck,387,155
169,bicycle,127,128
184,truck,417,145
186,truck,369,136
205,truck,330,113
206,truck,481,137
150,truck,388,155
169,bicycle,129,126
184,truck,417,145
186,truck,370,135
205,truck,330,114
206,truck,484,140
150,truck,388,152
169,bicycle,131,123
186,truck,372,133
206,truck,486,140
150,truck,388,151
169,bicycle,135,121
186,truck,372,133
144,truck,386,137
150,truck,389,150
169,bicycle,135,112
206,truck,495,131
144,truck,386,137
169,bicycle,136,108
206,truck,502,132
144,truck,385,131
169,bicycle,135,102
206,truck,506,130
144,truck,384,127
169,bicycle,135,95
182,truck,349,85
206,truck,509,128
144,truck,382,127
169,bicycle,134,94
182,truck,346,85
206,truck,512,129
144,truck,382,126
150,truck,385,143
169,bicycle,137,101
206,truck,515,128
150,truck,389,152
169,bicycle,147,114
150,truck,388,155
169,bicycle,150,121
184,truck,411,139
150,truck,388,159
169,bicycle,152,127
184,truck,412,138
214,truck,325,115
78,truck,350,125
150,truck,390,166
169,bicycle,156,135
184,truck,416,143
214,truck,325,116
78,truck,349,125
150,truck,394,178
169,bicycle,161,147
184,truck,416,143
108,truck,348,139
150,truck,395,184
169,bicycle,163,152
108,truck,349,139
150,truck,397,186
169,bicycle,165,153
216,truck,326,137
217,truck,429,163
150,truck,400,186
169,bicycle,168,152
216,truck,326,137
217,truck,437,166
150,truck,405,192
169,bicycle,173,159
217,truck,447,177
150,truck,409,192
169,bicycle,178,161
217,truck,455,177
130,truck,175,154
150,truck,409,187
169,bicycle,181,164
216,truck,326,137
217,truck,462,180
130,truck,174,154
150,truck,411,184
205,truck,323,135
216,truck,325,137
130,truck,175,157
150,truck,411,187
205,truck,323,137
214,truck,321,139
130,truck,175,162
150,truck,413,192
214,truck,321,141
217,truck,474,185
130,truck,173,154
150,truck,412,187
217,truck,479,188
130,truck,170,146
150,truck,412,179
130,truck,168,146
150,truck,412,181
130,truck,168,149
150,truck,415,183
130,truck,163,144
150,truck,415,179
130,truck,159,144
150,truck,415,177
190,truck,487,131
130,truck,156,141
150,truck,416,173
190,truck,482,126
130,truck,149,129
150,truck,415,162
190,truck,481,126
130,truck,147,136
150,truck,417,166
130,truck,144,134
150,truck,422,175
144,truck,423,147
150,truck,423,174
130,truck,145,121
144,truck,427,158
130,truck,145,130
144,truck,429,160
150,truck,432,176
130,truck,139,123
150,truck,433,168
130,truck,125,119
150,truck,427,163
130,truck,121,116
144,truck,408,157
150,truck,428,161
144,truck,412,148
144,truck,414,153
235,bicycle,81,110
144,truck,413,165
186,truck,354,116
235,bicycle,78,111
144,truck,416,169
186,truck,350,117
144,truck,416,171
150,truck,433,164
184,truck,405,120
186,truck,349,116
238,bicycle,61,135
150,truck,427,174
184,truck,404,119
216,truck,322,130
238,bicycle,49,142
150,truck,428,174
216,truck,322,129
238,bicycle,32,148
150,truck,418,180
189,truck,287,132
238,bicycle,20,149
150,truck,418,181
189,truck,287,132
238,bicycle,13,153
238,bicycle,6,159
238,bicycle,2,163
249,motorcycle,297,123
249,motorcycle,290,121
249,motorcycle,266,130
184,truck,455,126
249,motorcycle,253,132
184,truck,459,127
249,motorcycle,238,133
249,motorcycle,216,127
249,motorcycle,189,133
249,motorcycle,152,141
169,bicycle,327,134
249,motorcycle,136,142
144,truck,553,138
169,bicycle,331,133
190,truck,507,99
144,truck,560,137
190,truck,508,98
206,truck,499,94
256,truck,299,136
206,truck,495,88
256,truck,291,133
257,truck,464,118
202,truck,478,88
206,truck,493,86
256,truck,274,135
257,truck,441,118
108,truck,445,112
202,truck,480,87
256,truck,263,136
257,truck,430,116
108,truck,447,111
144,truck,544,127
150,truck,417,100
169,bicycle,359,128
235,bicycle,114,151
144,truck,546,125
150,truck,403,114
169,bicycle,362,127
235,bicycle,115,152
150,truck,401,113
189,truck,328,160
189,truck,329,161
186,truck,303,136
78,truck,289,166
186,truck,302,137
78,truck,288,167
235,bicycle,122,188
235,bicycle,123,190
256,truck,69,197
144,truck,466,147
256,truck,58,201
144,truck,451,147
150,truck,429,130
144,truck,436,142
150,truck,431,131
206,truck,507,115
108,truck,488,130
144,truck,422,148
202,truck,517,117
206,truck,508,117
108,truck,490,131
144,truck,413,148
184,truck,475,137
202,truck,519,118
216,truck,365,148
108,truck,491,133
144,truck,404,162
150,truck,446,137
184,truck,475,137
216,truck,366,149
108,truck,493,134
144,truck,394,172
150,truck,449,138
205,truck,282,171
144,truck,384,178
205,truck,281,171
144,truck,376,178
189,truck,350,160
324,truck,220,181
144,truck,374,178
189,truck,351,160
324,truck,212,183
78,truck,317,156
144,truck,366,181
324,truck,209,180
336,truck,429,154
78,truck,318,155
324,truck,210,186
336,truck,429,152
324,truck,213,192
341,truck,393,184
324,truck,215,193
341,truck,398,184
343,truck,351,173
345,truck,441,168
324,truck,212,185
341,truck,398,175
343,truck,352,174
345,truck,442,168
150,truck,490,152
324,truck,207,178
336,truck,439,150
341,truck,397,169
150,truck,494,153
324,truck,199,177
336,truck,440,149
341,truck,393,166
78,truck,321,149
186,truck,287,154
324,truck,187,171
341,truck,394,164
78,truck,322,148
186,truck,286,155
324,truck,174,162
257,truck,156,152
324,truck,169,159
363,truck,377,138
257,truck,153,166
363,truck,378,143
366,truck,189,165
257,truck,147,170
363,truck,376,145
366,truck,174,171
370,truck,254,154
184,truck,468,133
235,bicycle,146,163
363,truck,371,141
366,truck,164,175
370,truck,250,157
374,truck,407,132
184,truck,467,132
235,bicycle,136,163
363,truck,365,135
374,truck,402,127
235,bicycle,122,170
341,truck,397,137
363,truck,358,141
374,truck,399,125
235,bicycle,104,169
341,truck,395,134
363,truck,354,139
235,bicycle,83,170
341,truck,397,134
363,truck,355,140
385,truck,194,153
386,truck,250,145
387,truck,294,139
78,truck,339,135
235,bicycle,60,169
324,truck,136,142
341,truck,397,133
363,truck,358,139
385,truck,181,151
386,truck,243,145
387,truck,288,138
390,truck,108,150
78,truck,336,134
235,bicycle,41,166
324,truck,131,140
341,truck,397,133
363,truck,358,139
385,truck,168,149
386,truck,235,146
387,truck,282,136
390,truck,93,147
78,truck,336,138
186,truck,282,145
235,bicycle,32,170
341,truck,398,130
363,truck,360,144
370,truck,232,149
385,truck,162,154
386,truck,229,146
387,truck,278,135
390,truck,88,152
78,truck,338,143
186,truck,282,146
235,bicycle,25,173
363,truck,365,148
370,truck,229,152
385,truck,157,159
390,truck,87,155
392,car,514,225
78,truck,340,144
169,bicycle,477,137
186,truck,283,146
189,truck,376,149
235,bicycle,18,172
363,truck,364,148
370,truck,228,153
385,truck,151,158
390,truck,86,152
392,car,526,230
78,truck,341,144
169,bicycle,479,138
186,truck,285,153
189,truck,377,148
190,truck,477,154
235,bicycle,9,172
343,truck,348,156
370,truck,228,161
385,truck,146,166
390,truck,87,158
392,car,540,242
78,truck,344,136
186,truck,285,153
190,truck,475,156
343,truck,347,155
370,truck,225,162
385,truck,133,154
386,truck,219,144
387,truck,279,136
390,truck,82,158
392,car,548,233
78,truck,345,130
385,truck,117,143
386,truck,213,139
387,truck,277,136
392,car,558,229
78,truck,346,138
186,truck,278,147
206,truck,482,138
385,truck,103,151
386,truck,206,150
390,truck,72,146
392,car,567,231
78,truck,347,137
186,truck,272,148
206,truck,481,139
257,truck,79,163
343,truck,342,147
385,truck,94,151
386,truck,194,157
390,truck,68,146
392,car,583,241
78,truck,342,134
184,truck,483,122
186,truck,271,147
206,truck,480,139
257,truck,62,155
336,truck,460,126
343,truck,342,146
386,truck,177,153
387,truck,264,131
392,car,593,244
406,truck,404,131
78,truck,338,135
184,truck,486,124
257,truck,45,157
336,truck,464,128
386,truck,156,161
387,truck,257,135
406,truck,406,130
78,truck,339,134
184,truck,487,123
189,truck,399,144
206,truck,479,137
257,truck,40,157
336,truck,463,136
386,truck,150,161
387,truck,254,135
406,truck,408,126
189,truck,401,144
190,truck,452,156
206,truck,478,137
336,truck,465,142
363,truck,386,155
169,bicycle,501,150
190,truck,453,157
216,truck,436,150
336,truck,466,143
345,truck,386,167
363,truck,388,156
169,bicycle,502,151
190,truck,456,159
216,truck,438,149
345,truck,384,167
363,truck,387,162
419,truck,290,180
420,truck,182,187
144,truck,18,187
169,bicycle,505,149
190,truck,458,161
363,truck,387,163
419,truck,280,186
420,truck,163,195
144,truck,10,193
169,bicycle,508,150
190,truck,461,167
363,truck,387,170
419,truck,267,198
420,truck,140,205
144,truck,6,198
190,truck,468,169
363,truck,393,173
419,truck,256,206
420,truck,118,217
427,truck,309,165
144,truck,3,198
190,truck,468,170
363,truck,395,171
419,truck,247,208
420,truck,97,216
427,truck,310,167
144,truck,6,198
336,truck,486,155
345,truck,391,159
363,truck,397,173
419,truck,227,208
420,truck,69,220
186,truck,273,146
216,truck,453,149
336,truck,486,152
345,truck,386,155
419,truck,198,211
420,truck,44,215
184,truck,507,136
186,truck,271,146
216,truck,454,148
336,truck,488,153
345,truck,385,152
419,truck,164,219
420,truck,27,219
184,truck,507,137
186,truck,267,146
206,truck,490,152
216,truck,451,148
345,truck,381,150
419,truck,116,234
437,truck,293,146
78,truck,356,137
184,truck,509,138
186,truck,265,146
189,truck,425,133
206,truck,491,153
216,truck,453,147
345,truck,380,149
419,truck,100,240
437,truck,292,147
78,truck,358,137
189,truck,427,132
343,truck,320,139
387,truck,226,135
343,truck,319,139
345,truck,376,141
370,truck,186,137
387,truck,216,140
345,truck,376,148
370,truck,185,147
387,truck,214,150
446,truck,442,152
343,truck,306,140
345,truck,373,145
370,truck,178,142
387,truck,207,147
392,car,606,270
446,truck,445,148
216,truck,461,140
343,truck,309,139
345,truck,378,142
370,truck,178,136
387,truck,209,142
392,car,608,271
446,truck,447,149
216,truck,462,140
343,truck,307,138
345,truck,377,140
370,truck,176,133
387,truck,206,142
427,truck,327,155
78,truck,344,152
427,truck,328,154
78,truck,343,154
427,truck,334,159
387,truck,198,158
427,truck,336,159
437,truck,318,141
108,truck,509,124
345,truck,377,130
374,truck,312,123
387,truck,186,152
437,truck,320,141
108,truck,508,123
345,truck,376,128
374,truck,310,123
387,truck,181,161
437,truck,315,141
343,truck,305,145
387,truck,177,163
437,truck,316,141
468,truck,155,169
343,truck,304,146
386,truck,127,125
468,truck,155,177
386,truck,113,119
189,truck,457,109
386,truck,111,117
186,truck,261,114
189,truck,460,107
336,truck,529,142
374,truck,285,123
186,truck,261,112
336,truck,531,141
374,truck,285,122
446,truck,461,122
478,truck,342,139
216,truck,473,131
374,truck,282,122
392,car,565,160
446,truck,462,121
478,truck,347,148
216,truck,471,129
392,car,563,153
478,truck,342,149
216,truck,468,126
478,truck,335,150
486,truck,286,129
108,truck,480,130
216,truck,468,124
478,truck,336,154
486,truck,290,131
108,truck,478,131
446,truck,483,118
478,truck,335,149
486,truck,290,131
190,truck,493,134
446,truck,486,117
478,truck,335,158
486,truck,298,134
190,truck,494,133
343,truck,310,164
478,truck,334,161
486,truck,300,135
78,truck,314,171
343,truck,310,166
78,truck,312,172
491,truck,341,228
491,truck,342,248
491,truck,337,239
491,truck,328,227
491,truck,321,239
491,truck,312,241
491,truck,295,229
486,truck,323,133
491,truck,268,220
437,truck,330,143
486,truck,326,133
491,truck,240,240
427,truck,338,145
437,truck,330,144
491,truck,219,259
406,truck,341,154
427,truck,338,145
491,truck,174,252
406,truck,339,155
491,truck,163,256
374,truck,250,129
406,truck,336,147
374,truck,249,130
406,truck,334,146
386,truck,269,145
386,truck,275,146
427,truck,348,151
345,truck,306,134
427,truck,348,151
437,truck,342,144
504,bicycle,319,184
345,truck,307,138
437,truck,344,145
504,bicycle,319,184
345,truck,305,139
386,truck,294,139
437,truck,347,145
504,bicycle,319,184
386,truck,300,138
437,truck,349,147
504,bicycle,319,183
406,truck,320,143
437,truck,350,148
504,bicycle,319,186
386,truck,320,133
406,truck,319,143
504,bicycle,319,185
386,truck,328,131
392,car,321,137
437,truck,351,147
504,bicycle,319,185
392,car,304,157
427,truck,352,161
437,truck,352,147
504,bicycle,319,184
392,car,294,159
427,truck,353,162
504,bicycle,319,182
108,truck,341,128
468,truck,290,127
504,bicycle,320,183
108,truck,336,128
468,truck,321,111
486,truck,348,120
504,bicycle,320,183
216,truck,391,121
257,truck,300,107
468,truck,326,115
486,truck,350,120
216,truck,388,121
257,truck,310,106
468,truck,331,119
504,bicycle,319,182
392,car,275,153
504,bicycle,319,181
206,truck,395,167
345,truck,274,161
392,car,271,152
504,bicycle,319,181
206,truck,392,167
345,truck,271,163
392,car,263,148
504,bicycle,319,182
392,car,258,145
406,truck,310,141
504,bicycle,319,183
257,truck,396,147
374,truck,262,140
387,truck,316,139
392,car,253,144
406,truck,309,141
468,truck,360,140
504,bicycle,319,183
78,truck,267,149
257,truck,412,153
374,truck,263,140
387,truck,324,147
468,truck,368,148
504,bicycle,319,183
78,truck,266,148
387,truck,331,147
468,truck,374,152
478,truck,267,158
504,bicycle,319,182
387,truck,322,143
419,truck,400,151
478,truck,259,149
504,bicycle,319,182
387,truck,322,141
419,truck,411,149
478,truck,256,150
504,bicycle,319,182
370,truck,272,125
387,truck,322,139
419,truck,434,124
478,truck,254,149
486,truck,344,116
504,bicycle,319,182
190,truck,474,120
363,truck,435,115
370,truck,275,126
419,truck,458,98
486,truck,343,116
190,truck,473,120
363,truck,435,114
216,truck,361,113
336,truck,507,120
370,truck,262,119
518,truck,311,123
78,truck,269,127
184,truck,519,124
216,truck,359,112
336,truck,506,120
370,truck,262,118
518,truck,311,132
78,truck,269,125
184,truck,528,125
374,truck,272,133
437,truck,376,123
518,truck,308,141
184,truck,531,128
374,truck,269,136
392,car,191,142
437,truck,375,127
518,truck,298,150
184,truck,532,129
206,truck,360,140
374,truck,269,136
392,car,186,142
420,truck,263,166
437,truck,377,126
518,truck,297,156
206,truck,358,139
420,truck,238,166
420,truck,204,159
78,truck,274,121
387,truck,325,121
420,truck,166,160
78,truck,275,120
387,truck,325,120
420,truck,131,158
491,truck,118,179
406,truck,311,146
491,truck,65,205
504,bicycle,319,183
406,truck,311,147
491,truck,41,220
504,bicycle,320,183
491,truck,27,228
478,truck,145,175
504,bicycle,321,183
543,bicycle,320,157
478,truck,138,177
504,bicycle,321,183
543,bicycle,316,158
345,truck,221,197
543,bicycle,283,171
345,truck,219,198
543,bicycle,277,173
374,truck,304,135
374,truck,306,134
553,truck,158,168
553,truck,147,168
427,truck,410,177
554,bicycle,249,153
555,truck,61,206
427,truck,412,177
554,bicycle,244,153
555,truck,32,212
554,bicycle,239,156
555,truck,12,217
554,bicycle,239,160
554,bicycle,239,158
556,bus,177,144
554,bicycle,237,159
556,bus,175,140
392,car,31,136
406,truck,298,127
554,bicycle,228,152
556,bus,171,130
392,car,25,136
406,truck,298,126
554,bicycle,221,146
556,bus,170,126
554,bicycle,218,146
504,bicycle,320,183
504,bicycle,320,183
370,truck,285,171
559,bicycle,177,190
370,truck,283,174
559,bicycle,144,196
370,truck,284,176
518,truck,276,186
559,bicycle,125,211
345,truck,227,191
518,truck,277,178
559,bicycle,110,219
563,truck,313,174
345,truck,228,191
518,truck,270,176
559,bicycle,94,226
563,truck,311,171
518,truck,267,175
563,truck,311,170
491,truck,138,221
345,truck,237,205
491,truck,103,236
518,truck,268,187
345,truck,224,206
370,truck,288,195
491,truck,104,236
518,truck,262,186
553,truck,55,235
563,truck,316,181
345,truck,210,207
370,truck,287,195
518,truck,259,187
553,truck,50,238
563,truck,318,182
345,truck,196,207
370,truck,283,191
563,truck,316,180
345,truck,193,208
370,truck,283,193
491,truck,158,218
563,truck,315,183
374,truck,323,159
491,truck,170,214
563,truck,310,177
374,truck,323,159
563,truck,310,177
206,truck,278,155
374,truck,322,163
574,truck,235,197
206,truck,276,156
374,truck,323,164
387,truck,322,169
574,truck,228,201
184,truck,358,162
387,truck,321,175
491,truck,184,225
184,truck,353,163
387,truck,315,179
427,truck,406,174
491,truck,192,224
387,truck,312,183
427,truck,405,173
563,truck,306,178
406,truck,295,164
437,truck,390,156
563,truck,305,178
78,truck,293,158
345,truck,112,192
406,truck,295,165
437,truck,390,157
78,truck,291,158
216,truck,250,144
345,truck,106,191
437,truck,392,154
78,truck,291,155
184,truck,315,144
216,truck,247,140
437,truck,392,155
78,truck,294,155
184,truck,308,141
216,truck,245,140
78,truck,294,156
336,truck,353,133
336,truck,356,134
336,truck,354,134
363,truck,420,139
363,truck,419,140
486,truck,367,127
78,truck,302,156
190,truck,435,144
486,truck,368,127
578,truck,182,137
580,truck,147,126
78,truck,301,159
190,truck,436,145
554,bicycle,338,143
578,truck,176,141
580,truck,143,129
78,truck,300,163
190,truck,436,146
554,bicycle,344,143
578,truck,175,146
580,truck,142,131
78,truck,300,164
370,truck,297,176
578,truck,174,149
370,truck,287,180
370,truck,287,180
491,truck,272,186
586,truck,451,152
387,truck,266,204
491,truck,277,184
586,truck,451,151
387,truck,264,205
554,bicycle,338,175
574,truck,245,226
554,bicycle,339,179
574,truck,224,239
554,bicycle,328,188
574,truck,222,242
554,bicycle,314,192
590,truck,299,330
554,bicycle,303,192
590,truck,300,330
591,bicycle,366,163
554,bicycle,297,204
590,truck,300,335
591,bicycle,363,161
554,bicycle,287,214
590,truck,301,336
336,truck,324,179
363,truck,383,162
554,bicycle,272,212
590,truck,305,330
591,bicycle,359,167
336,truck,323,181
363,truck,381,163
554,bicycle,259,212
590,truck,306,327
591,bicycle,356,167
554,bicycle,253,216
559,bicycle,217,216
590,truck,304,324
591,bicycle,347,163
559,bicycle,192,222
590,truck,295,324
591,bicycle,341,160
556,bus,343,181
559,bicycle,160,254
590,truck,289,330
591,bicycle,337,159
556,bus,347,183
559,bicycle,149,259
590,truck,289,330
591,bicycle,333,165
559,bicycle,131,257
591,bicycle,330,169
78,truck,275,170
370,truck,235,182
491,truck,326,158
559,bicycle,115,247
591,bicycle,326,170
78,truck,274,170
370,truck,232,182
491,truck,330,157
559,bicycle,102,251
387,truck,230,205
406,truck,284,189
559,bicycle,87,257
578,truck,182,193
590,truck,298,338
387,truck,215,217
406,truck,284,190
563,truck,274,197
578,truck,183,195
580,truck,175,202
590,truck,298,338
78,truck,258,177
345,truck,174,200
387,truck,211,219
563,truck,273,198
580,truck,176,206
78,truck,256,179
345,truck,178,200
574,truck,251,166
574,truck,258,184
555,truck,99,239
574,truck,254,191
78,truck,233,178
553,truck,129,182
555,truck,53,228
574,truck,254,193
78,truck,228,179
345,truck,199,151
518,truck,95,144
553,truck,133,179
555,truck,62,223
216,truck,173,146
345,truck,203,145
392,car,75,131
518,truck,92,143
216,truck,171,146
392,car,81,140
392,car,83,151
555,truck,153,174
606,bicycle,306,131
392,car,86,157
491,truck,345,122
518,truck,72,161
555,truck,178,160
586,truck,522,181
606,bicycle,307,140
190,truck,348,143
491,truck,346,119
518,truck,67,163
586,truck,524,182
606,bicycle,307,158
190,truck,345,145
606,bicycle,299,167
190,truck,342,145
486,truck,344,149
606,bicycle,292,174
486,truck,338,148
606,bicycle,278,179
486,truck,332,147
606,bicycle,260,182
486,truck,331,151
606,bicycle,243,189
486,truck,326,145
553,truck,290,145
606,bicycle,219,189
486,truck,320,146
553,truck,303,141
606,bicycle,187,193
486,truck,314,145
606,bicycle,157,202
486,truck,312,143
504,bicycle,319,183
606,bicycle,140,214
486,truck,309,142
504,bicycle,320,184
606,bicycle,129,213
184,truck,114,198
504,bicycle,320,184
606,bicycle,118,220
184,truck,104,199
486,truck,308,146
504,bicycle,320,184
184,truck,83,194
345,truck,270,153
486,truck,306,145
184,truck,60,183
345,truck,274,153
486,truck,303,140
184,truck,56,185
486,truck,302,137
486,truck,301,137
574,truck,255,146
392,car,256,154
486,truck,303,141
574,truck,255,144
392,car,266,154
486,truck,301,141
554,bicycle,308,155
387,truck,226,163
437,truck,409,162
554,bicycle,312,150
563,truck,252,170
387,truck,225,161
392,car,279,160
437,truck,409,162
556,bus,413,163
563,truck,250,171
190,truck,282,164
387,truck,226,160
392,car,287,161
554,bicycle,318,161
556,bus,414,162
563,truck,248,173
190,truck,279,165
554,bicycle,322,160
563,truck,247,173
580,truck,282,177
406,truck,239,191
580,truck,284,176
216,truck,234,184
406,truck,238,190
580,truck,285,172
617,truck,437,175
216,truck,222,180
370,truck,279,161
580,truck,288,171
617,truck,439,165
78,truck,199,189
216,truck,223,181
370,truck,281,160
427,truck,273,168
617,truck,439,166
78,truck,199,189
427,truck,267,173
559,bicycle,430,172
578,truck,201,174
591,bicycle,177,198
617,truck,441,163
619,truck,393,154
427,truck,264,173
559,bicycle,439,169
563,truck,253,172
578,truck,201,173
591,bicycle,156,201
619,truck,393,156
216,truck,244,180
504,bicycle,320,176
554,bicycle,299,173
559,bicycle,436,173
563,truck,253,172
591,bicycle,151,202
216,truck,248,180
406,truck,237,177
504,bicycle,320,176
554,bicycle,297,175
556,bus,438,168
559,bicycle,433,177
406,truck,236,175
504,bicycle,320,182
554,bicycle,296,170
556,bus,441,166
504,bicycle,321,177
554,bicycle,295,172
556,bus,446,168
78,truck,217,187
504,bicycle,322,177
554,bicycle,294,176
556,bus,449,170
78,truck,207,190
504,bicycle,322,176
554,bicycle,292,179
556,bus,452,170
78,truck,207,191
184,truck,183,197
504,bicycle,322,179
554,bicycle,290,181
556,bus,457,174
184,truck,153,186
504,bicycle,322,179
556,bus,460,175
184,truck,154,184
626,bicycle,220,179
626,bicycle,197,188
626,bicycle,183,192
406,truck,257,151
406,truck,258,149
486,truck,275,126
606,bicycle,117,213
486,truck,274,134
606,bicycle,112,200
184,truck,246,158
486,truck,273,134
606,bicycle,102,200
184,truck,257,155
486,truck,272,129
563,truck,238,151
606,bicycle,88,206
486,truck,271,128
563,truck,232,147
591,bicycle,126,167
606,bicycle,66,220
78,truck,214,146
518,truck,69,172
563,truck,231,146
591,bicycle,124,165
606,bicycle,56,223
78,truck,214,143
518,truck,49,190
427,truck,212,185
518,truck,40,210
427,truck,205,184
518,truck,38,214
427,truck,202,184
578,truck,156,177
578,truck,143,191
578,truck,141,192
216,truck,308,117
216,truck,311,115
644,bicycle,440,319
644,bicycle,439,311
644,bicycle,439,308
406,truck,288,96
486,truck,261,109
406,truck,290,94
486,truck,264,103
486,truck,263,102
504,bicycle,460,144
486,truck,262,104
504,bicycle,465,142
486,truck,263,105
370,truck,398,113
486,truck,266,107
644,bicycle,405,301
370,truck,401,112
486,truck,269,112
644,bicycle,420,303
486,truck,269,112
644,bicycle,430,301
78,truck,300,98
644,bicycle,431,299
78,truck,303,96
554,bicycle,368,108
554,bicycle,372,105
504,bicycle,424,115
580,truck,339,106
387,truck,288,99
437,truck,334,102
504,bicycle,430,112
580,truck,340,105
660,bus,239,99
78,truck,326,87
387,truck,289,98
437,truck,332,101
504,bicycle,429,109
660,bus,236,99
78,truck,330,85
437,truck,326,100
660,bus,229,95
437,truck,324,99
554,bicycle,417,111
574,truck,326,103
606,bicycle,429,112
660,bus,224,98
486,truck,283,107
554,bicycle,424,111
574,truck,327,107
606,bicycle,446,106
660,bus,224,102
661,bus,32,85
486,truck,282,108
518,truck,319,114
574,truck,328,107
660,bus,220,103
661,bus,30,86
486,truck,279,108
518,truck,318,113
606,bicycle,350,105
486,truck,276,108
518,truck,315,112
606,bicycle,344,102
437,truck,305,92
486,truck,275,108
518,truck,313,111
437,truck,303,91
518,truck,304,116
660,bus,195,109
518,truck,299,119
660,bus,187,111
518,truck,293,124
606,bicycle,342,113
660,bus,180,114
518,truck,289,126
578,truck,281,110
606,bicycle,340,114
660,bus,174,115
578,truck,273,106
578,truck,269,107
578,truck,268,107
427,truck,257,149
563,truck,240,164
427,truck,254,143
563,truck,241,165
591,bicycle,222,162
427,truck,256,141
578,truck,237,108
591,bicycle,225,162
578,truck,231,109
606,bicycle,338,121
660,bus,93,129
606,bicycle,337,122
660,bus,87,130
518,truck,210,152
559,bicycle,332,147
660,bus,82,145
518,truck,204,155
559,bicycle,330,149
660,bus,78,155
559,bicycle,329,149
660,bus,66,149
660,bus,59,151
680,bus,50,136
427,truck,310,124
626,bicycle,275,129
680,bus,47,130
427,truck,315,122
626,bicycle,289,124
626,bicycle,287,141
606,bicycle,344,140
626,bicycle,283,150
689,truck,116,163
406,truck,350,147
591,bicycle,331,148
606,bicycle,344,141
626,bicycle,283,156
689,truck,111,165
406,truck,351,149
591,bicycle,333,144
626,bicycle,278,155
559,bicycle,329,138
591,bicycle,338,142
606,bicycle,351,137
626,bicycle,272,152
689,truck,94,159
387,truck,351,121
559,bicycle,328,127
606,bicycle,352,137
626,bicycle,264,142
689,truck,88,159
387,truck,353,123
559,bicycle,328,126
626,bicycle,261,142
387,truck,355,124
559,bicycle,325,132
591,bicycle,350,133
626,bicycle,250,148
559,bicycle,323,138
591,bicycle,355,131
606,bicycle,352,138
626,bicycle,238,157
559,bicycle,323,141
606,bicycle,353,139
626,bicycle,225,163
559,bicycle,318,135
606,bicycle,354,139
626,bicycle,203,164
696,truck,16,168
559,bicycle,312,129
626,bicycle,169,165
696,truck,10,167
559,bicycle,307,130
626,bicycle,143,175
698,bicycle,342,126
559,bicycle,303,132
626,bicycle,133,178
680,bus,120,205
698,bicycle,339,130
559,bicycle,298,141
680,bus,114,211
698,bicycle,338,138
559,bicycle,293,136
680,bus,100,199
698,bicycle,336,141
559,bicycle,290,131
680,bus,83,187
559,bicycle,287,131
680,bus,81,186
699,bicycle,338,127
559,bicycle,285,132
699,bicycle,340,129
559,bicycle,282,136
689,truck,28,170
699,bicycle,341,132
700,bus,66,94
559,bicycle,278,140
689,truck,24,171
699,bicycle,342,136
700,bus,64,99
559,bicycle,270,142
699,bicycle,339,137
559,bicycle,261,144
699,bicycle,337,138
559,bicycle,254,146
563,truck,317,133
699,bicycle,337,139
559,bicycle,244,151
563,truck,319,132
699,bicycle,336,142
559,bicycle,229,155
699,bicycle,336,144
559,bicycle,224,157
696,truck,21,163
699,bicycle,332,138
574,truck,310,121
644,bicycle,422,305
696,truck,21,163
699,bicycle,329,131
702,bicycle,183,148
574,truck,307,120
644,bicycle,421,306
699,bicycle,326,127
702,bicycle,152,153
574,truck,306,120
626,bicycle,123,177
699,bicycle,325,132
702,bicycle,135,153
626,bicycle,121,177
680,bus,121,202
699,bicycle,323,139
680,bus,116,208
699,bicycle,323,149
680,bus,106,206
699,bicycle,321,153
680,bus,90,193
699,bicycle,317,151
705,bus,86,188
680,bus,64,201
699,bicycle,313,147
705,bus,79,181
680,bus,59,201
699,bicycle,310,144
486,truck,301,135
563,truck,337,128
699,bicycle,309,145
486,truck,302,135
563,truck,339,128
699,bicycle,303,147
699,bicycle,297,147
699,bicycle,294,146
699,bicycle,290,139
699,bicycle,283,137
699,bicycle,274,130
699,bicycle,263,123
699,bicycle,251,120
699,bicycle,240,129
626,bicycle,227,159
699,bicycle,235,128
626,bicycle,218,172
559,bicycle,184,179
626,bicycle,221,173
715,bicycle,326,183
559,bicycle,156,180
715,bicycle,321,183
559,bicycle,142,197
715,bicycle,378,182
559,bicycle,136,200
574,truck,308,169
680,bus,128,220
715,bicycle,340,182
574,truck,306,170
680,bus,119,216
705,bus,369,158
715,bicycle,327,183
406,truck,351,148
574,truck,306,172
680,bus,109,196
705,bus,370,147
715,bicycle,322,180
406,truck,349,148
680,bus,94,193
705,bus,369,148
715,bicycle,320,181
406,truck,351,149
680,bus,63,188
705,bus,368,149
715,bicycle,320,180
717,truck,289,159
387,truck,430,155
406,truck,351,149
606,bicycle,352,154
680,bus,57,186
705,bus,367,150
715,bicycle,319,180
717,truck,284,164
387,truck,431,155
606,bicycle,352,154
715,bicycle,319,179
717,truck,280,166
705,bus,365,150
715,bicycle,319,178
705,bus,364,151
715,bicycle,318,177
563,truck,362,133
715,bicycle,319,179
486,truck,349,143
563,truck,363,133
715,bicycle,319,177
486,truck,351,143
606,bicycle,355,156
715,bicycle,319,181
606,bicycle,361,159
715,bicycle,319,183
486,truck,366,155
606,bicycle,362,159
715,bicycle,320,183
734,truck,326,160
736,truck,187,177
486,truck,370,157
715,bicycle,319,182
734,truck,323,152
736,truck,162,171
715,bicycle,319,182
734,truck,322,148
736,truck,149,170
741,truck,316,127
742,truck,382,121
741,truck,314,133
742,truck,389,127
680,bus,25,103
741,truck,309,137
742,truck,394,132
680,bus,24,111
689,truck,302,148
715,bicycle,320,174
741,truck,307,140
742,truck,397,134
626,bicycle,407,156
680,bus,21,107
689,truck,299,162
715,bicycle,320,174
626,bicycle,409,157
689,truck,298,163
406,truck,362,149
626,bicycle,418,160
689,truck,293,167
715,bicycle,320,180
406,truck,363,148
626,bicycle,425,161
689,truck,285,173
715,bicycle,320,180
689,truck,279,183
715,bicycle,320,180
626,bicycle,443,172
689,truck,270,183
715,bicycle,320,181
626,bicycle,451,175
689,truck,265,188
715,bicycle,320,181
734,truck,320,123
753,truck,224,158
387,truck,469,150
734,truck,320,121
753,truck,203,172
387,truck,471,150
753,truck,181,186
753,truck,145,188
753,truck,96,194
699,bicycle,248,121
753,truck,74,200
766,truck,516,137
559,bicycle,524,137
699,bicycle,250,121
734,truck,310,119
766,truck,520,136
767,truck,464,126
559,bicycle,540,139
563,truck,402,118
734,truck,306,121
767,truck,469,129
559,bicycle,549,134
563,truck,404,117
699,bicycle,232,116
734,truck,304,120
767,truck,472,125
559,bicycle,555,137
699,bicycle,229,114
767,truck,475,124
559,bicycle,566,139
734,truck,298,118
767,truck,483,126
559,bicycle,574,140
734,truck,296,117
742,truck,492,140
767,truck,487,125
742,truck,497,141
486,truck,513,164
486,truck,519,169
680,bus,345,157
486,truck,527,169
680,bus,348,156
741,truck,285,163
406,truck,372,141
486,truck,532,170
574,truck,283,152
680,bus,361,158
705,bus,350,144
741,truck,284,164
406,truck,372,141
574,truck,282,151
705,bus,350,143
574,truck,278,155
699,bicycle,208,155
574,truck,277,155
699,bicycle,206,159
741,truck,271,164
680,bus,407,147
696,truck,185,154
705,bus,344,144
741,truck,269,165
680,bus,419,145
696,truck,188,154
705,bus,342,139
715,bicycle,322,183
785,bicycle,307,135
705,bus,341,141
715,bicycle,321,189
785,bicycle,302,136
705,bus,340,140
715,bicycle,321,184
785,bicycle,299,134
715,bicycle,321,182
715,bicycle,320,182
790,truck,224,167
790,truck,216,169
792,truck,349,156
715,bicycle,320,189
790,truck,212,169
792,truck,349,156
696,truck,181,144
715,bicycle,320,189
696,truck,169,138
689,truck,142,155
696,truck,168,136
715,bicycle,320,188
689,truck,138,153
715,bicycle,320,188
785,bicycle,274,129
785,bicycle,271,128
803,truck,349,137
785,bicycle,262,127
803,truck,348,132
785,bicycle,258,125
803,truck,348,131
715,bicycle,319,182
715,bicycle,319,182
807,truck,356,112
606,bicycle,365,125
807,truck,358,111
808,truck,33,122
606,bicycle,369,126
808,truck,28,129
606,bicycle,369,126
808,truck,26,133
574,truck,273,112
807,truck,358,111
809,bicycle,178,118
574,truck,273,108
807,truck,359,111
809,bicycle,154,120
574,truck,273,107
715,bicycle,319,182
809,bicycle,141,123
811,truck,413,124
574,truck,272,105
715,bicycle,319,182
811,truck,422,122
387,truck,440,137
734,truck,271,119
811,truck,428,121
387,truck,445,135
734,truck,266,117
387,truck,455,139
705,bus,299,107
734,truck,260,116
816,bicycle,89,162
387,truck,468,142
705,bus,296,108
734,truck,258,116
741,truck,249,119
816,bicycle,70,160
387,truck,485,137
689,truck,244,107
705,bus,294,107
741,truck,249,117
816,bicycle,60,161
387,truck,506,141
689,truck,249,104
741,truck,240,114
387,truck,526,141
715,bicycle,323,182
741,truck,239,112
387,truck,542,142
574,truck,285,91
606,bicycle,356,97
715,bicycle,324,182
387,truck,552,143
574,truck,286,90
606,bicycle,355,95
705,bus,285,100
790,truck,212,113
689,truck,269,101
705,bus,283,98
790,truck,207,115
689,truck,274,99
696,truck,191,102
790,truck,206,113
803,truck,285,90
574,truck,289,88
689,truck,278,93
696,truck,174,105
803,truck,282,88
574,truck,289,87
689,truck,282,91
696,truck,173,104
734,truck,255,97
741,truck,235,96
831,truck,330,106
734,truck,253,96
741,truck,234,94
831,truck,322,105
715,bicycle,322,193
734,truck,256,97
741,truck,230,96
831,truck,317,107
842,truck,97,113
715,bicycle,322,194
734,truck,255,96
741,truck,229,94
842,truck,79,129
715,bicycle,320,191
842,truck,67,136
715,bicycle,320,186
792,truck,282,125
842,truck,50,153
715,bicycle,319,183
753,truck,25,164
792,truck,280,124
842,truck,39,161
715,bicycle,318,182
753,truck,20,177
715,bicycle,320,185
753,truck,33,174
715,bicycle,320,183
406,truck,371,139
715,bicycle,320,183
406,truck,370,140
715,bicycle,320,181
860,truck,318,142
715,bicycle,320,181
860,truck,318,142
862,truck,334,149
715,bicycle,320,181
753,truck,299,136
860,truck,316,136
862,truck,335,151
715,bicycle,320,181
753,truck,344,129
860,truck,315,134
715,bicycle,321,263
715,bicycle,320,197
715,bicycle,320,186
715,bicycle,320,181
715,bicycle,320,176
879,truck,318,147
715,bicycle,320,179
879,truck,316,146
715,bicycle,320,180
862,truck,323,156
879,truck,315,144
715,bicycle,319,180
862,truck,322,157
879,truck,317,148
696,truck,282,147
715,bicycle,320,231
879,truck,315,149
696,truck,287,149
715,bicycle,322,194
879,truck,314,149
715,bicycle,322,190
790,truck,267,153
790,truck,270,155
406,truck,372,160
406,truck,372,161
807,truck,373,143
862,truck,297,164
807,truck,373,144
862,truck,298,173
790,truck,288,161
807,truck,375,138
862,truck,296,175
790,truck,290,162
807,truck,375,138
879,truck,285,144
606,bicycle,330,87
792,truck,205,110
860,truck,306,92
879,truck,282,144
606,bicycle,329,87
734,truck,296,110
792,truck,202,109
816,bicycle,119,144
860,truck,306,90
734,truck,297,115
816,bicycle,102,152
734,truck,299,116
816,bicycle,61,149
907,truck,242,133
908,truck,176,124
816,bicycle,34,166
907,truck,241,145
908,truck,170,134
816,bicycle,2,174
907,truck,236,170
908,truck,165,135
907,truck,223,179
734,truck,308,117
907,truck,207,174
915,truck,121,150
734,truck,310,118
907,truck,186,176
915,truck,91,146
907,truck,155,186
915,truck,56,153
907,truck,145,191
915,truck,29,160
918,truck,302,111
915,truck,8,160
918,truck,300,109
918,truck,295,105
918,truck,291,96
807,truck,384,101
918,truck,288,93
807,truck,385,98
808,truck,248,126
926,truck,298,132
808,truck,252,125
879,truck,286,133
926,truck,297,134
879,truck,284,128
879,truck,283,127
879,truck,270,125
734,truck,349,115
879,truck,265,129
734,truck,352,115
862,truck,264,140
879,truck,262,129
696,truck,407,129
790,truck,360,130
862,truck,258,146
696,truck,406,127
790,truck,363,129
862,truck,252,149
696,truck,413,127
790,truck,369,130
862,truck,248,152
696,truck,416,126
790,truck,372,129
862,truck,239,163
862,truck,235,165
908,truck,213,172
792,truck,185,157
908,truck,215,174
792,truck,185,159
808,truck,282,133
926,truck,340,131
574,truck,351,125
808,truck,283,133
926,truck,342,131
574,truck,352,127
606,bicycle,271,115
606,bicycle,269,116
574,truck,346,135
574,truck,345,138
926,truck,342,134
715,bicycle,384,119
831,truck,13,112
908,truck,313,137
926,truck,344,134
715,bicycle,385,118
831,truck,9,112
908,truck,311,137
908,truck,310,139
954,truck,334,127
955,truck,356,124
908,truck,314,139
926,truck,349,135
954,truck,334,127
955,truck,356,125
574,truck,347,146
926,truck,350,135
574,truck,347,148
908,truck,318,142
959,truck,284,161
792,truck,268,154
908,truck,321,143
954,truck,338,129
959,truck,281,163
792,truck,260,157
954,truck,335,131
792,truck,263,157
862,truck,246,168
908,truck,332,137
954,truck,335,132
963,truck,305,141
715,bicycle,359,123
862,truck,233,170
908,truck,336,137
963,truck,304,144
715,bicycle,357,124
862,truck,226,173
862,truck,224,174
879,truck,204,186
963,truck,291,146
966,truck,323,137
792,truck,275,146
879,truck,202,188
907,truck,176,194
963,truck,287,148
966,truck,322,139
792,truck,282,144
907,truck,151,199
959,truck,268,138
963,truck,283,150
966,truck,319,136
792,truck,280,144
907,truck,153,197
959,truck,266,136
966,truck,316,137
792,truck,282,143
963,truck,273,152
966,truck,314,142
954,truck,325,138
963,truck,268,156
966,truck,311,146
606,bicycle,253,149
954,truck,324,139
963,truck,263,158
966,truck,305,143
606,bicycle,247,152
966,truck,300,142
606,bicycle,246,153
907,truck,238,166
966,truck,298,150
862,truck,224,146
907,truck,252,161
959,truck,261,124
966,truck,295,152
862,truck,211,141
955,truck,338,116
959,truck,260,122
862,truck,198,141
955,truck,337,115
808,truck,350,113
862,truck,195,139
879,truck,182,150
978,truck,278,128
808,truck,352,112
879,truck,170,158
907,truck,323,126
978,truck,278,137
879,truck,156,166
907,truck,339,119
978,truck,280,147
816,bicycle,115,190
879,truck,151,167
926,truck,360,131
978,truck,285,154
816,bicycle,97,189
926,truck,361,129
978,truck,284,155
983,truck,347,134
984,bicycle,319,262
816,bicycle,120,185
926,truck,364,130
978,truck,279,159
983,truck,350,134
984,bicycle,319,260
987,truck,389,132
926,truck,364,130
978,truck,270,159
983,truck,352,131
987,truck,390,132
816,bicycle,246,176
978,truck,269,163
983,truck,354,135
987,truck,395,133
715,bicycle,387,140
816,bicycle,294,171
983,truck,355,136
987,truck,396,133
715,bicycle,386,140
715,bicycle,387,140
816,bicycle,390,134
879,truck,122,222
995,truck,359,134
997,truck,344,141
816,bicycle,438,122
879,truck,118,226
995,truck,359,132
997,truck,337,137
997,truck,337,140
792,truck,325,137
997,truck,337,135
792,truck,323,138
997,truck,335,135
792,truck,328,142
997,truck,333,134
574,truck,330,153
792,truck,330,142
1003,bicycle,321,182
574,truck,329,151
1003,bicycle,319,181
1004,truck,315,154
574,truck,328,151
1003,bicycle,320,182
1004,truck,314,155
1003,bicycle,320,182
1003,bicycle,320,182
1005,truck,316,140
1006,truck,299,145
1003,bicycle,319,185
1005,truck,314,143
1006,truck,297,149
1003,bicycle,319,185
1005,truck,312,144
1006,truck,295,150
1003,bicycle,319,186
1005,truck,307,150
1006,truck,285,157
997,truck,317,134
1003,bicycle,320,183
1004,truck,298,147
1005,truck,305,152
1006,truck,276,158
997,truck,315,134
1003,bicycle,320,181
1004,truck,295,141
1006,truck,267,151
1003,bicycle,320,181
1004,truck,293,139
1006,truck,262,150
955,truck,325,133
997,truck,315,133
1003,bicycle,321,181
1004,truck,289,144
1006,truck,254,157
574,truck,325,135
955,truck,325,134
997,truck,314,135
1003,bicycle,321,183
1004,truck,287,143
1005,truck,285,152
1006,truck,245,164
574,truck,325,134
997,truck,313,135
1003,bicycle,321,187
1004,truck,281,143
1005,truck,281,154
1006,truck,233,162
978,truck,214,172
1003,bicycle,321,187
1004,truck,276,145
1006,truck,227,163
862,truck,189,182
978,truck,211,172
1004,truck,273,144
1005,truck,265,158
792,truck,359,146
862,truck,189,184
879,truck,165,212
966,truck,260,179
1003,bicycle,320,184
1005,truck,261,159
792,truck,361,147
879,truck,167,211
966,truck,255,184
1003,bicycle,320,181
966,truck,254,185
978,truck,236,182
1003,bicycle,319,181
879,truck,213,186
978,truck,237,184
1014,truck,350,143
574,truck,315,134
862,truck,190,191
879,truck,221,182
997,truck,305,137
1006,truck,211,168
1014,truck,348,140
574,truck,314,133
862,truck,191,193
997,truck,304,137
1003,bicycle,319,181
1006,truck,196,161
963,truck,151,196
1003,bicycle,318,181
1006,truck,190,162
862,truck,168,189
963,truck,149,196
1003,bicycle,318,180
606,bicycle,142,203
862,truck,166,190
879,truck,288,152
954,truck,304,151
1003,bicycle,319,180
606,bicycle,117,204
879,truck,302,142
954,truck,304,151
1003,bicycle,320,185
606,bicycle,112,205
879,truck,316,135
1003,bicycle,320,186
1003,bicycle,319,181
997,truck,302,134
1003,bicycle,319,181
997,truck,302,136
1025,truck,280,137
955,truck,313,134
997,truck,301,138
1025,truck,278,139
955,truck,312,134
978,truck,299,130
997,truck,300,138
1025,truck,275,132
978,truck,305,134
1025,truck,277,133
978,truck,310,139
997,truck,302,140
1025,truck,276,132
1028,truck,362,133
978,truck,314,138
997,truck,302,140
1028,truck,366,137
978,truck,314,133
1025,truck,276,131
978,truck,318,132
1004,truck,269,116
1025,truck,276,130
1004,truck,263,122
1004,truck,259,126
1036,truck,298,127
966,truck,249,137
1004,truck,257,126
1036,truck,290,134
966,truck,241,141
1036,truck,285,139
862,truck,229,138
966,truck,240,139
1036,truck,277,140
862,truck,232,135
963,truck,214,129
1025,truck,270,128
1036,truck,272,144
963,truck,200,118
995,truck,347,93
1025,truck,269,128
862,truck,245,128
963,truck,201,114
983,truck,345,96
995,truck,347,93
1006,truck,184,125
862,truck,249,125
983,truck,344,97
1005,truck,164,130
1006,truck,184,123
606,bicycle,140,144
978,truck,348,100
983,truck,343,96
1004,truck,258,106
1005,truck,161,128
606,bicycle,141,141
978,truck,351,97
1004,truck,257,104
963,truck,222,146
1003,bicycle,319,180
955,truck,302,121
963,truck,226,151
966,truck,249,125
997,truck,282,130
1003,bicycle,319,180
1006,truck,206,147
606,bicycle,184,148
955,truck,302,121
966,truck,244,123
997,truck,276,128
1006,truck,208,149
606,bicycle,191,147
966,truck,244,122
997,truck,275,127
1025,truck,269,131
1025,truck,269,131
1025,truck,271,131
606,bicycle,211,118
862,truck,286,111
997,truck,265,119
1025,truck,271,131
606,bicycle,211,122
862,truck,290,109
955,truck,306,118
997,truck,263,123
606,bicycle,216,119
862,truck,287,112
926,truck,361,124
955,truck,306,118
983,truck,306,113
997,truck,260,120
1006,truck,234,129
862,truck,288,111
926,truck,361,124
983,truck,305,113
997,truck,256,118
1005,truck,192,113
1006,truck,238,127
862,truck,290,110
966,truck,250,106
983,truck,301,115
997,truck,254,117
1005,truck,185,104
862,truck,291,107
966,truck,250,104
997,truck,249,116
1004,truck,263,106
1005,truck,183,112
862,truck,290,102
997,truck,247,115
1004,truck,262,103
1005,truck,183,112
1006,truck,239,110
862,truck,289,99
1004,truck,262,102
1006,truck,233,108
862,truck,290,97
954,truck,289,103
1004,truck,259,102
1006,truck,235,106
1036,truck,138,145
606,bicycle,256,108
954,truck,287,105
955,truck,308,109
1004,truck,259,102
1006,truck,237,109
1036,truck,106,151
606,bicycle,259,108
954,truck,287,104
955,truck,311,111
1006,truck,237,114
1025,truck,290,111
1036,truck,109,135
1072,truck,199,124
606,bicycle,264,107
955,truck,314,115
1006,truck,232,119
1025,truck,293,114
1036,truck,100,128
1072,truck,194,127
715,bicycle,387,104
955,truck,314,113
997,truck,251,108
1006,truck,228,117
1025,truck,293,110
1036,truck,80,123
715,bicycle,386,103
955,truck,315,112
997,truck,250,107
1006,truck,227,117
1025,truck,294,109
1036,truck,57,137
1036,truck,47,137
926,truck,350,117
1084,truck,323,129
926,truck,350,117
1084,truck,322,141
1086,truck,300,138
1089,truck,249,141
792,truck,407,129
963,truck,314,150
1084,truck,322,145
1086,truck,294,143
1089,truck,238,145
1093,truck,179,158
792,truck,408,128
963,truck,317,150
1086,truck,292,148
1089,truck,234,150
1093,truck,164,161
1096,truck,379,126
1097,truck,350,129
1006,truck,208,130
1093,truck,132,155
1096,truck,379,125
1097,truck,350,129
997,truck,259,110
1006,truck,206,131
1072,truck,183,120
1093,truck,116,156
926,truck,341,116
997,truck,259,110
1025,truck,316,115
1072,truck,170,138
926,truck,340,116
1025,truck,318,115
1072,truck,166,140
1096,truck,371,125
963,truck,333,140
1089,truck,237,170
1096,truck,369,124
792,truck,400,129
963,truck,336,139
1089,truck,236,174
1097,truck,361,130
792,truck,401,126
955,truck,322,132
1097,truck,360,127
792,truck,401,120
955,truck,317,130
1096,truck,359,119
1097,truck,361,126
1114,truck,292,126
792,truck,400,118
955,truck,311,126
1025,truck,325,111
1096,truck,354,115
1114,truck,284,121
1116,truck,260,117
955,truck,310,126
1025,truck,327,111
1096,truck,352,114
1114,truck,280,117
1116,truck,257,114
963,truck,353,143
963,truck,353,147
963,truck,356,148
926,truck,342,128
983,truck,241,146
926,truck,342,129
983,truck,239,147
955,truck,300,137
955,truck,300,147
1127,truck,349,147
926,truck,349,138
955,truck,299,149
966,truck,300,136
997,truck,284,133
1127,truck,349,150
926,truck,350,140
966,truck,300,145
997,truck,286,141
1084,truck,256,147
1127,truck,351,147
966,truck,300,150
997,truck,287,143
1006,truck,204,181
1072,truck,156,212
1084,truck,252,155
1127,truck,351,152
1130,truck,322,151
966,truck,302,154
1006,truck,203,184
1072,truck,155,216
1084,truck,249,156
1127,truck,351,161
1130,truck,323,160
955,truck,293,167
1127,truck,352,165
1130,truck,323,166
926,truck,347,153
955,truck,292,170
997,truck,289,153
1005,truck,159,169
1084,truck,235,158
926,truck,347,156
983,truck,216,138
997,truck,290,156
1005,truck,158,170
1084,truck,231,159
1134,truck,67,184
954,truck,304,123
983,truck,208,135
1004,truck,269,126
1134,truck,60,169
954,truck,305,124
983,truck,206,135
1004,truck,270,127
1134,truck,50,177
997,truck,299,153
1006,truck,182,171
1134,truck,33,191
966,truck,320,162
997,truck,298,156
1005,truck,162,180
1006,truck,180,171
1134,truck,19,191
966,truck,315,160
997,truck,299,157
1005,truck,162,181
963,truck,422,141
966,truck,316,162
1086,truck,235,169
1089,truck,300,170
963,truck,426,140
1086,truck,233,170
1089,truck,286,155
1006,truck,199,160
1089,truck,276,155
1097,truck,417,124
1141,truck,44,189
1006,truck,193,164
1089,truck,269,163
1097,truck,419,124
1141,truck,27,197
1143,truck,234,142
1006,truck,193,163
1089,truck,254,182
1141,truck,11,197
1143,truck,231,142
1004,truck,279,137
1089,truck,237,186
1004,truck,280,139
1072,truck,194,191
1089,truck,228,192
1006,truck,201,177
1072,truck,196,191
1006,truck,193,173
1005,truck,164,158
1006,truck,193,174
1096,truck,257,120
1143,truck,220,132
983,truck,207,112
1005,truck,164,157
1096,truck,253,120
1114,truck,245,99
1143,truck,218,130
983,truck,203,118
1114,truck,246,102
983,truck,202,118
1003,bicycle,320,186
1096,truck,250,121
1114,truck,245,103
1155,truck,69,173
1003,bicycle,320,187
1086,truck,199,149
1096,truck,247,122
1143,truck,221,132
1155,truck,43,197
1086,truck,196,148
1143,truck,220,131
1155,truck,24,210
983,truck,204,107
1025,truck,400,118
1114,truck,241,106
1158,truck,49,135
983,truck,204,105
1025,truck,402,119
1114,truck,240,107
1158,truck,23,128
792,truck,401,83
1072,truck,138,104
1158,truck,5,122
792,truck,402,82
1005,truck,131,137
1072,truck,135,97
1003,bicycle,320,176
1005,truck,129,135
1003,bicycle,320,175
1004,truck,270,150
1006,truck,224,154
1086,truck,186,161
1004,truck,270,150
1006,truck,224,155
1086,truck,181,162
954,truck,266,155
1004,truck,269,151
1006,truck,230,154
1086,truck,170,167
954,truck,264,157
1006,truck,232,153
1086,truck,167,168
1005,truck,119,132
1114,truck,244,113
1143,truck,188,121
1005,truck,117,131
1084,truck,201,129
1114,truck,244,114
1143,truck,186,120
1176,bicycle,279,117
1084,truck,201,128
1176,bicycle,276,119
1005,truck,127,142
1005,truck,127,143
1084,truck,180,128
966,truck,419,137
1036,truck,96,165
1084,truck,177,127
1086,truck,156,151
966,truck,423,136
1005,truck,141,140
1036,truck,78,155
1086,truck,153,151
1003,bicycle,319,182
1005,truck,142,140
1036,truck,80,154
1093,truck,121,132
1134,truck,40,150
1003,bicycle,319,182
1089,truck,28,192
1093,truck,132,130
1134,truck,44,149
1176,bicycle,205,163
1003,bicycle,319,183
1004,truck,269,156
1089,truck,20,197
1176,bicycle,196,170
966,truck,419,141
1003,bicycle,319,183
1004,truck,269,156
1089,truck,13,196
1093,truck,107,166
1176,bicycle,187,166
966,truck,418,143
1093,truck,108,173
1176,bicycle,174,168
966,truck,418,143
1176,bicycle,148,170
1176,bicycle,123,198
1003,bicycle,319,181
1176,bicycle,107,207
1003,bicycle,320,181
1134,truck,90,211
1176,bicycle,95,213
1197,bicycle,214,168
1134,truck,86,218
1197,bicycle,199,166
1134,truck,76,225
1197,bicycle,188,167
1134,truck,64,225
1197,bicycle,179,165
997,truck,354,144
1003,bicycle,320,180
1093,truck,84,160
1134,truck,67,231
1197,bicycle,163,156
997,truck,347,139
1003,bicycle,320,180
1036,truck,69,149
1093,truck,82,159
1197,bicycle,148,149
997,truck,347,137
1003,bicycle,320,180
1036,truck,68,148
1072,truck,61,122
1197,bicycle,137,145
1072,truck,58,127
1089,truck,76,127
926,truck,367,140
1005,truck,216,137
1036,truck,69,143
1072,truck,55,128
1086,truck,93,138
1089,truck,80,121
926,truck,367,138
1005,truck,221,136
1036,truck,69,142
1072,truck,57,132
1086,truck,89,137
1141,truck,204,130
1072,truck,46,129
1141,truck,221,127
1072,truck,43,130
792,truck,396,115
1141,truck,351,118
1203,bicycle,96,114
792,truck,394,119
983,truck,188,115
997,truck,349,123
1141,truck,410,121
1203,bicycle,82,117
792,truck,394,120
926,truck,347,130
966,truck,408,129
983,truck,188,115
997,truck,349,121
1141,truck,470,125
1203,bicycle,70,123
926,truck,344,133
966,truck,407,128
1203,bicycle,62,131
926,truck,341,133
1197,bicycle,51,121
1203,bicycle,52,133
1096,truck,159,102
1143,truck,41,109
1197,bicycle,42,119
1006,truck,332,106
1096,truck,158,101
1143,truck,34,107
1006,truck,335,105
1084,truck,147,100
1089,truck,89,100
1143,truck,29,107
1036,truck,81,113
1084,truck,146,99
1089,truck,90,97
1155,truck,136,116
1036,truck,82,111
1155,truck,141,114
926,truck,329,132
1155,truck,136,122
1213,truck,107,120
926,truck,327,132
1086,truck,50,114
1155,truck,131,130
1213,truck,107,124
1006,truck,348,108
1072,truck,33,113
1086,truck,47,112
1006,truck,351,108
1072,truck,32,112
1127,truck,447,111
1224,truck,89,105
1225,truck,11,110
1127,truck,449,108
1224,truck,86,112
1225,truck,10,112
1004,truck,330,119
1224,truck,85,121
1004,truck,332,118
1224,truck,77,128
926,truck,315,130
1224,truck,75,137
926,truck,313,129
1224,truck,67,137
1003,bicycle,320,183
1072,truck,18,106
1224,truck,63,142
1003,bicycle,320,184
1072,truck,17,105
1114,truck,286,93
1127,truck,430,92
1134,truck,313,98
1003,bicycle,319,195
1114,truck,287,92
1127,truck,426,88
1134,truck,305,89
1003,bicycle,319,196
1127,truck,423,85
1134,truck,304,96
1242,truck,41,110
1134,truck,304,103
1242,truck,40,112
926,truck,296,133
954,truck,264,135
926,truck,294,134
954,truck,264,134
1249,truck,45,149
1249,truck,51,160
1249,truck,49,165
1253,bus,327,134
1249,truck,47,163
1253,bus,320,132
1255,truck,436,136
954,truck,263,133
1249,truck,46,155
1253,bus,316,126
1255,truck,435,136
954,truck,263,133
1003,bicycle,306,111
1249,truck,46,156
1253,bus,312,126
1003,bicycle,304,121
1003,bicycle,303,119
1025,truck,457,151
1262,truck,254,154
1264,truck,69,166
1006,truck,456,136
1025,truck,457,152
1262,truck,253,154
1264,truck,69,152
1004,truck,453,126
1006,truck,460,137
1253,bus,296,119
1264,truck,67,142
1004,truck,457,125
1253,bus,292,116
1264,truck,70,137
1004,truck,460,127
1253,bus,287,117
1264,truck,75,136
983,truck,219,131
1004,truck,465,128
1253,bus,284,121
1264,truck,80,139
983,truck,218,129
1004,truck,468,130
1253,bus,282,119
1264,truck,86,137
983,truck,219,130
1004,truck,473,130
1253,bus,278,119
1264,truck,95,133
1114,truck,347,117
1264,truck,106,131
1114,truck,350,118
1253,bus,272,116
1264,truck,111,135
1253,bus,269,115
1264,truck,115,141
1264,truck,117,142
1278,truck,478,127
1005,truck,476,118
1264,truck,118,137
1278,truck,477,126
1005,truck,475,113
1264,truck,119,134
1005,truck,479,112
1264,truck,122,136
1278,truck,474,119
1264,truck,128,146
1278,truck,473,117
1264,truck,131,144
1264,truck,132,135
1264,truck,135,133
1278,truck,472,104
1264,truck,137,130
1278,truck,471,100
1225,truck,259,109
1264,truck,138,131
1278,truck,469,100
1225,truck,251,115
1242,truck,139,141
1264,truck,141,130
1278,truck,468,98
926,truck,240,115
1225,truck,258,115
1242,truck,142,140
1255,truck,459,107
926,truck,239,114
1143,truck,450,94
1242,truck,141,133
1255,truck,460,105
1143,truck,447,85
1197,bicycle,208,96
1242,truck,138,127
997,truck,444,95
1143,truck,458,83
1197,bicycle,201,106
1242,truck,139,131
997,truck,447,95
1197,bicycle,209,109
1242,truck,143,139
1143,truck,443,111
1242,truck,147,147
1143,truck,442,120
1242,truck,149,147
1242,truck,150,138
966,truck,428,85
1242,truck,147,130
966,truck,429,84
1242,truck,145,133
1197,bicycle,314,97
1242,truck,143,136
1197,bicycle,330,95
1242,truck,141,131
954,truck,288,88
1242,truck,136,130
954,truck,289,86
1242,truck,136,135
1242,truck,138,131
1242,truck,134,122
1225,truck,250,86
1242,truck,134,118
1225,truck,241,84
1242,truck,135,115
1312,truck,387,80
926,truck,232,94
1225,truck,240,82
1242,truck,137,120
1312,truck,386,80
926,truck,232,93
1203,bicycle,222,93
1242,truck,138,122
1203,bicycle,215,97
1242,truck,141,124
1314,truck,382,91
1003,bicycle,320,189
1203,bicycle,224,96
1242,truck,143,130
1262,truck,205,103
1314,truck,381,92
1003,bicycle,321,193
1036,truck,192,97
1242,truck,144,127
1262,truck,203,101
1314,truck,377,93
1003,bicycle,320,202
1036,truck,194,98
1242,truck,148,129
1314,truck,377,95
1003,bicycle,320,204
1242,truck,150,136
1314,truck,376,99
1003,bicycle,320,208
1242,truck,156,134
1314,truck,378,101
1242,truck,158,131
1314,truck,379,102
1242,truck,160,128
1312,truck,378,98
1314,truck,378,104
1003,bicycle,319,199
1072,truck,11,96
1242,truck,164,130
1312,truck,377,100
1314,truck,380,103
1003,bicycle,320,196
1072,truck,11,96
1242,truck,168,128
1264,truck,122,100
1314,truck,380,103
1325,truck,79,94
1003,bicycle,320,196
1203,bicycle,107,99
1242,truck,172,127
1264,truck,121,99
1312,truck,378,101
1314,truck,380,104
1325,truck,77,94
1203,bicycle,96,100
1242,truck,172,120
1312,truck,378,103
1242,truck,176,118
1242,truck,179,116
1249,truck,53,87
1327,truck,380,91
1242,truck,183,115
1249,truck,53,85
1327,truck,380,92
1242,truck,189,116
1325,truck,60,80
1327,truck,382,93
1003,bicycle,320,192
1242,truck,198,120
1325,truck,57,78
1327,truck,383,94
1003,bicycle,320,192
1242,truck,206,116
1242,truck,211,114
1242,truck,216,110
1242,truck,222,109
1242,truck,225,108
1242,truck,228,107
1335,truck,400,88
983,truck,226,89
1003,bicycle,320,192
1242,truck,232,106
1335,truck,400,88
983,truck,227,88
1003,bicycle,320,192
983,truck,231,92
983,truck,233,88
1003,bicycle,320,198
983,truck,237,91
1003,bicycle,320,197
983,truck,239,98
1003,bicycle,320,194
1335,truck,400,78
983,truck,243,94
1003,bicycle,319,195
1335,truck,400,77
983,truck,245,86
1003,bicycle,319,193
966,truck,404,56
983,truck,248,84
1003,bicycle,319,196
966,truck,403,56
983,truck,252,83
1003,bicycle,319,190
1278,truck,404,61
983,truck,259,87
1003,bicycle,320,198
1278,truck,403,61
983,truck,267,90
1003,bicycle,320,199
1255,truck,416,65
983,truck,273,93
1255,truck,416,67
983,truck,278,100
997,truck,417,77
1003,bicycle,320,190
1255,truck,415,67
983,truck,283,104
997,truck,416,76
1003,bicycle,320,189
1327,truck,418,80
983,truck,286,106
1003,bicycle,320,189
1327,truck,420,79
983,truck,286,102
1003,bicycle,320,188
1255,truck,416,70
1327,truck,421,79
983,truck,289,104
997,truck,417,76
1003,bicycle,321,188
1255,truck,416,71
983,truck,291,107
997,truck,416,77
1003,bicycle,321,188
983,truck,294,108
997,truck,415,77
1242,truck,298,128
1005,truck,419,110
1242,truck,301,135
1005,truck,419,107
1242,truck,305,135
983,truck,306,122
1005,truck,416,107
1242,truck,309,137
983,truck,310,123
1005,truck,417,95
983,truck,312,117
1003,bicycle,320,189
1005,truck,416,87
983,truck,315,119
1003,bicycle,320,189
1005,truck,415,81
983,truck,320,128
983,truck,326,136
983,truck,330,138
1003,bicycle,320,184
1242,truck,343,123
1003,bicycle,320,191
1242,truck,347,122
1003,bicycle,320,189
1242,truck,350,113
1255,truck,430,83
1262,truck,109,82
1003,bicycle,320,189
1242,truck,357,115
1255,truck,430,84
1262,truck,107,82
1242,truck,361,119
1003,bicycle,320,205
1242,truck,367,122
1003,bicycle,320,207
1242,truck,372,121
1242,truck,379,117
1327,truck,446,85
1242,truck,383,115
1327,truck,447,85
983,truck,385,128
1242,truck,387,114
983,truck,387,128
1255,truck,440,98
983,truck,392,128
1003,bicycle,319,199
1242,truck,389,110
1255,truck,442,100
983,truck,392,126
1003,bicycle,319,199
1242,truck,393,109
983,truck,392,124
1278,truck,433,94
983,truck,398,129
1255,truck,440,105
1278,truck,434,95
983,truck,399,125
1255,truck,440,107
983,truck,399,116
983,truck,402,115
997,truck,426,69
1242,truck,397,97
966,truck,384,92
997,truck,426,68
1003,bicycle,320,206
1242,truck,400,95
966,truck,384,93
1003,bicycle,320,206
1036,truck,248,76
1242,truck,394,101
1335,truck,414,74
926,truck,219,81
1036,truck,248,76
1072,truck,129,89
1242,truck,398,104
1335,truck,416,77
926,truck,219,82
1072,truck,131,89
1242,truck,399,107
1335,truck,417,79
1242,truck,403,115
1335,truck,417,80
983,truck,413,126
1242,truck,405,116
983,truck,417,133
1314,truck,356,108
983,truck,419,136
1312,truck,355,112
1314,truck,356,107
983,truck,419,138
1312,truck,355,112
1369,truck,284,113
983,truck,419,133
1369,truck,282,113
983,truck,421,141
983,truck,421,137
983,truck,423,138
1242,truck,426,155
1255,truck,464,129
1242,truck,425,169
1255,truck,465,131
1003,bicycle,271,149
1242,truck,423,176
983,truck,416,162
1003,bicycle,258,136
1242,truck,425,181
966,truck,404,148
983,truck,417,165
1003,bicycle,253,130
1262,truck,44,137
966,truck,401,133
1249,truck,238,99
1262,truck,41,139
1327,truck,518,101
966,truck,397,134
1249,truck,241,100
1327,truck,519,105
966,truck,394,145
1327,truck,521,106
966,truck,394,148
983,truck,391,171
983,truck,389,167
983,truck,388,169
966,truck,384,126
1407,motorcycle,111,73
966,truck,384,132
1407,motorcycle,110,85
966,truck,383,133
1312,truck,352,105
1407,motorcycle,106,85
966,truck,383,129
1278,truck,488,101
1312,truck,352,104
1314,truck,351,98
1327,truck,527,109
1407,motorcycle,101,79
966,truck,382,119
1278,truck,490,101
1314,truck,351,98
1327,truck,528,101
1407,motorcycle,94,69
966,truck,381,123
1327,truck,530,101
1407,motorcycle,90,72
966,truck,380,131
1407,motorcycle,86,77
966,truck,379,131
983,truck,378,155
1407,motorcycle,82,90
983,truck,379,151
1407,motorcycle,81,95
966,truck,383,129
983,truck,378,150
1278,truck,500,105
1407,motorcycle,76,79
966,truck,382,128
1278,truck,502,106
1407,motorcycle,71,60
1407,motorcycle,69,53
1242,truck,396,173
1407,motorcycle,65,50
1242,truck,395,173
1407,motorcycle,64,38
1335,truck,395,75
1407,motorcycle,69,36
966,truck,407,114
1335,truck,394,74
1407,motorcycle,71,54
966,truck,409,112
1242,truck,406,140
1407,motorcycle,71,72
1424,bicycle,320,238
926,truck,229,117
983,truck,401,152
1242,truck,406,136
1407,motorcycle,72,89
1424,bicycle,319,257
926,truck,230,118
983,truck,404,166
1407,motorcycle,74,111
983,truck,407,177
1072,truck,236,147
1407,motorcycle,56,126
983,truck,409,170
1072,truck,239,149
1407,motorcycle,68,121
983,truck,407,163
1407,motorcycle,69,110
926,truck,231,129
983,truck,405,162
1407,motorcycle,68,113
926,truck,231,131
983,truck,403,160
1249,truck,334,124
983,truck,395,158
1249,truck,337,125
983,truck,391,154
983,truck,391,150
983,truck,396,147
1433,motorcycle,163,94
983,truck,396,146
1242,truck,409,150
1433,motorcycle,166,94
1242,truck,409,151
966,truck,430,159
966,truck,432,153
966,truck,433,154
997,truck,430,134
997,truck,429,134
1003,bicycle,342,96
1314,truck,319,102
1335,truck,381,108
1433,motorcycle,182,83
966,truck,430,149
997,truck,429,135
1003,bicycle,347,97
1314,truck,318,102
1335,truck,380,109
1433,motorcycle,182,93
966,truck,426,151
1036,truck,314,124
1433,motorcycle,177,103
1446,motorcycle,58,106
966,truck,422,152
1036,truck,316,125
1433,motorcycle,170,107
1446,motorcycle,53,110
966,truck,417,151
1335,truck,365,129
1433,motorcycle,152,109
1446,motorcycle,46,112
1447,truck,185,128
966,truck,416,151
1242,truck,408,134
1312,truck,358,114
1335,truck,362,133
1433,motorcycle,151,111
1446,motorcycle,40,102
1447,truck,180,128
1242,truck,404,127
1312,truck,358,114
1446,motorcycle,35,103
1242,truck,401,129
966,truck,400,144
1242,truck,400,128
1433,motorcycle,130,111
966,truck,398,144
983,truck,352,129
1433,motorcycle,127,113
966,truck,400,144
983,truck,352,126
1433,motorcycle,123,110
1463,motorcycle,25,113
966,truck,401,142
983,truck,351,121
1003,bicycle,513,114
1433,motorcycle,120,104
1463,motorcycle,22,110
966,truck,399,136
983,truck,349,115
1003,bicycle,528,116
1433,motorcycle,115,95
1463,motorcycle,17,101
966,truck,397,135
983,truck,347,111
1242,truck,395,121
1433,motorcycle,105,84
1463,motorcycle,15,97
1242,truck,392,116
1433,motorcycle,97,75
966,truck,388,128
1242,truck,391,115
1369,truck,289,96
1407,motorcycle,96,84
1433,motorcycle,92,73
966,truck,386,127
997,truck,386,142
1369,truck,290,95
1407,motorcycle,88,92
997,truck,384,138
1407,motorcycle,86,95
966,truck,379,124
997,truck,382,138
1407,motorcycle,86,96
1446,motorcycle,53,80
966,truck,375,127
1314,truck,327,111
1407,motorcycle,75,85
1446,motorcycle,53,78
966,truck,375,132
1314,truck,328,116
1407,motorcycle,72,90
966,truck,372,132
997,truck,378,142
1314,truck,330,121
1369,truck,278,108
1407,motorcycle,70,92
997,truck,381,143
1312,truck,338,127
1314,truck,331,122
1369,truck,276,110
1407,motorcycle,73,95
966,truck,377,130
997,truck,380,143
1262,truck,168,102
1312,truck,337,128
1407,motorcycle,72,86
966,truck,376,130
1242,truck,370,105
1262,truck,172,100
1407,motorcycle,67,71
1242,truck,368,104
1407,motorcycle,62,49
983,truck,321,75
1242,truck,366,98
1407,motorcycle,61,44
983,truck,319,73
1242,truck,367,102
1407,motorcycle,62,44
1493,bicycle,319,231
966,truck,380,118
1242,truck,365,101
1407,motorcycle,60,40
1446,motorcycle,69,57
1493,bicycle,319,210
966,truck,383,111
1446,motorcycle,71,49
1493,bicycle,319,210
966,truck,387,108
1446,motorcycle,72,45
966,truck,391,100
1262,truck,227,54
1446,motorcycle,71,42
966,truck,393,97
1262,truck,234,48
1446,motorcycle,72,43
966,truck,392,98
1446,motorcycle,71,45
966,truck,393,96
997,truck,392,116
1242,truck,349,99
1446,motorcycle,70,55
997,truck,392,112
1242,truck,348,93
1446,motorcycle,68,56
997,truck,391,108
1242,truck,347,88
1446,motorcycle,64,53
997,truck,389,105
1242,truck,345,85
1446,motorcycle,61,53
997,truck,389,104
1242,truck,345,85
1446,motorcycle,62,58
997,truck,389,106
1242,truck,345,87
1446,motorcycle,60,54
997,truck,388,109
1242,truck,346,90
1446,motorcycle,58,60
1502,truck,500,86
997,truck,388,108
1072,truck,395,122
1242,truck,345,89
1446,motorcycle,59,62
1502,truck,500,87
1072,truck,396,118
1327,truck,353,96
1446,motorcycle,59,61
1072,truck,397,120
1327,truck,353,101
1446,motorcycle,58,59
1072,truck,398,115
1327,truck,349,102
1446,motorcycle,57,55
997,truck,397,99
1072,truck,400,115
1446,motorcycle,54,49
997,truck,397,95
1446,motorcycle,49,45
1493,bicycle,320,204
966,truck,390,103
997,truck,397,93
1242,truck,344,84
1446,motorcycle,44,50
1493,bicycle,320,200
966,truck,389,106
1242,truck,343,85
1446,motorcycle,41,51
1493,bicycle,320,200
966,truck,387,103
1242,truck,341,83
1446,motorcycle,38,50
966,truck,388,106
1242,truck,341,85
1446,motorcycle,36,53
966,truck,387,106
1242,truck,339,85
1446,motorcycle,34,53
966,truck,385,103
1242,truck,338,85
1327,truck,336,79
966,truck,386,108
1242,truck,338,87
1327,truck,334,77
966,truck,386,110
1242,truck,337,88
966,truck,386,111
1242,truck,336,87
966,truck,386,106
1242,truck,334,83
966,truck,388,104
1242,truck,333,81
966,truck,390,108
1242,truck,333,84
1516,bus,75,61
966,truck,390,108
1036,truck,395,118
1242,truck,332,83
1516,bus,67,64
1036,truck,396,122
1314,truck,337,101
1516,bus,61,66
1036,truck,398,124
1314,truck,336,100
1036,truck,399,120
1314,truck,335,95
966,truck,397,99
1036,truck,400,120
1314,truck,335,93
966,truck,398,98
997,truck,400,85
966,truck,400,96
997,truck,400,84
1242,truck,327,70
966,truck,401,95
1036,truck,409,106
1242,truck,326,69
1502,truck,503,86
1036,truck,416,102
1502,truck,507,85
1036,truck,418,101
1072,truck,422,89
1502,truck,508,85
1072,truck,423,86
1072,truck,425,89
1529,truck,337,64
1530,truck,511,71
1072,truck,428,86
1529,truck,337,65
1530,truck,512,65
1072,truck,428,83
1530,truck,513,63
1072,truck,427,81
1532,truck,325,50
1072,truck,428,79
1529,truck,329,73
1532,truck,323,48
1529,truck,327,75
1036,truck,445,108
1529,truck,330,81
966,truck,447,94
1036,truck,448,107
1314,truck,330,69
1529,truck,329,84
966,truck,450,94
1314,truck,328,67
1537,car,26,257
966,truck,454,93
1072,truck,450,80
1314,truck,328,65
1532,truck,320,54
1537,car,33,244
1072,truck,453,79
1532,truck,318,53
1537,car,40,236
1072,truck,454,74
1242,truck,312,46
1493,bicycle,320,196
1532,truck,317,53
1537,car,44,236
1072,truck,453,76
1242,truck,311,45
1327,truck,305,53
1493,bicycle,319,196
1537,car,48,236
997,truck,445,51
1072,truck,455,75
1327,truck,304,52
1493,bicycle,319,195
1537,car,50,228
997,truck,445,63
1493,bicycle,319,198
1537,car,51,229
997,truck,447,62
1493,bicycle,319,198
1537,car,53,238
1036,truck,446,99
1312,truck,316,67
1537,car,55,237
966,truck,475,89
1036,truck,446,111
1312,truck,316,65
1537,car,56,243
966,truck,478,88
1036,truck,443,112
1537,car,55,244
1036,truck,437,117
1537,car,52,244
1036,truck,433,124
1537,car,48,251
1036,truck,432,126
1537,car,49,252
1407,motorcycle,145,107
1407,motorcycle,148,110
1561,motorcycle,350,180
1561,motorcycle,382,180
1561,motorcycle,363,180
1568,motorcycle,319,181
1568,motorcycle,319,180
1568,motorcycle,320,180
1568,motorcycle,320,180
1036,truck,392,144
1036,truck,395,142
1573,truck,80,160
1036,truck,393,143
1573,truck,90,156
1573,truck,99,154
1573,truck,106,156
1575,truck,412,135
1573,truck,119,161
1575,truck,413,136
1573,truck,132,161
997,truck,443,137
1573,truck,141,161
997,truck,443,140
1072,truck,461,124
1072,truck,461,126
1530,truck,462,89
1530,truck,460,87
1530,truck,451,90
1530,truck,450,90
1530,truck,447,91
1586,truck,449,73
1586,truck,449,75
1327,truck,245,94
1327,truck,243,95
1537,car,209,139
1537,car,232,128
1529,truck,228,131
1537,car,241,124
1072,truck,496,122
1529,truck,228,130
1072,truck,498,122
1529,truck,226,130
1532,truck,231,145
1532,truck,230,147
1537,car,256,130
1537,car,262,131
1242,truck,231,85
1242,truck,230,86
966,truck,525,86
966,truck,524,86
1036,truck,404,113
1532,truck,234,155
1036,truck,404,112
1532,truck,237,157
1532,truck,241,158
1529,truck,239,144
1532,truck,241,160
1529,truck,231,145
1327,truck,220,142
1529,truck,231,146
1327,truck,219,146
1327,truck,218,148
1529,truck,226,139
1242,truck,201,132
1529,truck,225,139
1242,truck,198,136
1613,truck,102,107
1613,truck,107,105
1613,truck,115,108
1529,truck,138,107
1613,truck,119,108
1529,truck,134,106
1530,truck,306,58
1586,truck,142,78
1530,truck,304,57
1586,truck,133,66
1586,truck,123,64
1036,truck,320,50
966,truck,327,50
1036,truck,317,48
1613,truck,162,73
966,truck,322,49
1613,truck,166,76
1613,truck,174,79
1613,truck,179,81
1613,truck,183,81
1532,truck,178,83
1613,truck,188,80
1532,truck,176,86
1532,truck,175,85
1625,bicycle,320,183
1532,truck,119,91
1625,bicycle,319,177
966,truck,131,99
1532,truck,115,92
1625,bicycle,318,175
966,truck,123,101
1242,truck,168,142
1242,truck,168,141
1327,truck,164,166
1327,truck,171,172
1327,truck,172,172
1327,truck,181,162
1327,truck,186,162
1327,truck,189,163
1327,truck,189,160
1242,truck,180,149
1327,truck,192,158
1242,truck,181,149
1242,truck,177,144
1242,truck,177,144
1586,truck,153,126
1586,truck,153,127
1530,truck,170,121
1530,truck,167,123
1586,truck,175,135
1242,truck,188,127
1586,truck,177,136
1242,truck,189,126
1625,bicycle,319,182
1625,bicycle,319,182
1625,bicycle,319,182
1625,bicycle,319,183
1625,bicycle,319,183
1327,truck,288,98
1327,truck,290,97
1625,bicycle,369,205
1625,bicycle,371,206
1649,truck,291,112
1649,truck,290,114
1649,truck,289,115
1242,truck,263,110
1242,truck,265,110
1586,truck,267,122
1625,bicycle,321,182
1586,truck,267,127
1625,bicycle,318,180
1586,truck,269,127
1659,truck,245,304
1659,truck,242,302
1625,bicycle,325,201
1625,bicycle,324,202
1649,truck,243,108
1649,truck,240,107
1661,car,250,107
1659,truck,259,307
1661,car,252,106
1242,truck,317,99
1659,truck,260,306
1242,truck,319,98
1625,bicycle,333,184
1625,bicycle,333,183
1659,truck,294,304
1659,truck,296,303
1659,truck,301,307
1659,truck,304,307
1661,car,264,86
1661,car,264,84
1625,bicycle,320,183
1625,bicycle,319,183
